ATP8A2,13,26148985,26148985,G,T,Nonsense_Mutation,SNP,+,GTGGATTTTATCCAATCAATTACAGGCCTGAATAGATAAAA,KIRC
MFSD6,2,191334581,191334581,G,T,Nonsense_Mutation,SNP,+,AGGGAAGATGACAAGGAGAAGAGGATTTCAAGTGGTGATTT,KIRC
PDE3A,12,20792854,20792854,T,A,Nonsense_Mutation,SNP,+,TATGTATGTAAACACATGAAAATTCAGCAGATGTGATAATG,KIRC
VHL,3,10191572,10191572,G,T,Nonsense_Mutation,SNP,+,CTTAGGCAGCAAACACTTGGCATATCCCCGCAAGTGAAGGA,KIRC
ATP1B4,X,119500536,119500536,C,T,Nonsense_Mutation,SNP,+,TGAGAAGAGCCCACCGTGCCTCATTCATCTTTGTATCTGTA,KIRC
CEP135,4,56840914,56840914,C,T,Nonsense_Mutation,SNP,+,GCCAAGATTAGGCCATTGCACTCCAGCCTGGGCAACAAGAG,KIRC
ZHX3,20,39832047,39832047,C,A,Nonsense_Mutation,SNP,+,GCCACAGTGGTCAATTTTAAGTTCACACCATGGAAAGTGGC,KIRC
LPAR4,X,78011222,78011222,G,T,Nonsense_Mutation,SNP,+,CTCGTTTATGATCTAAGTGACTTGCTGACCGATCCTTCTTG,KIRC
LDB1,10,103870867,103870868,TG,-,Nonsense_Mutation,DEL,+,GAGCGTTTCACGGGTTTACCAGAGAAAATGGCCTCCGGAGA,KIRC
PTP4A2,1,32377374,32377374,C,T,Nonsense_Mutation,SNP,+,GAGTAAGTTAAAAGTTAGGTGGCTTGCCCAATCATACACCT,KIRC
CHODL,21,19629058,19629058,G,A,Nonsense_Mutation,SNP,+,GTTTTCATATATTCTCTGAAATCTAGGCAGAGGTTCCCATA,KIRC
MYO1B,2,192228923,192228923,C,A,Nonsense_Mutation,SNP,+,CTAACTTTACTCAGACACATCACCCAAGAACTACTCATGTA,KIRC
SPATA31D1,9,84609412,84609412,C,T,Nonsense_Mutation,SNP,+,TAGCAACTCACACTTGGCCTCAATGTCAAAAGAATACTAAC,KIRC
CDK15,2,202672661,202672661,C,A,Nonsense_Mutation,SNP,+,AAAACTTTAAAAAGGAAATTAAGAAAATTCCACCGCATTTG,KIRC
TIMMDC1,3,119242475,119242475,G,T,Nonsense_Mutation,SNP,+,CCGGGAAGAAGCGCTCCTCACTTTCCAGACTGGGCGGCTGG,KIRC
PALM2AKAP2,9,112918733,112918733,G,T,Nonsense_Mutation,SNP,+,GTTTTCCCCAGCGATAATATCTTGCCAAACTATAGGACAAT,KIRC
STAB2,12,104056744,104056744,C,T,Nonsense_Mutation,SNP,+,GTAATTTTGTGGACTGAAAACCTGGCAGCAAAGCTTGTATT,KIRC
ATIC,2,216184411,216184411,G,T,Nonsense_Mutation,SNP,+,TTTCTTTCTAGTGAGGTAGGATACAATGAAATTCAATTAAA,KIRC
PBRM1,3,52692235,52692235,G,A,Nonsense_Mutation,SNP,+,GCCAACAGTGAAACCCCATCTCTATTAAAAATACAAAAACT,KIRC
FCHSD1,5,141028860,141028860,G,A,Nonsense_Mutation,SNP,+,ATTTGTAATCACAAATATAAAATAAGAACAGCTAGCAATAT,KIRC
IZUMO1,19,49249008,49249008,C,A,Nonsense_Mutation,SNP,+,GAAAATCTAAATAGCCCCATTTCTGAGTTTAAAAGTTAAAT,KIRC
CACYBP,1,174973753,174973753,C,T,Nonsense_Mutation,SNP,+,ACTGAAATAAATGTTTTTTTTTCAGTTTGGTCTCTTGGAGA,KIRC
VHL,3,10191482,10191482,A,T,Nonsense_Mutation,SNP,+,AGGTTGAAGAGCCGGGCAAAGGTAGACCATGCAGGGCCTTG,KIRC
GPRASP2,X,101970788,101970788,G,T,Nonsense_Mutation,SNP,+,CTCCTGGGCTCAAGTGATCCTCCTGCTTCAGCCTACCAAAG,KIRC
MKI67,10,129906188,129906188,C,A,Nonsense_Mutation,SNP,+,TGCCCCAGTCATTTCTTTCTTGTCTTGCATTAAGCTTTGAA,KIRC
C3,19,6714022,6714022,C,A,Nonsense_Mutation,SNP,+,ATTCTACTACATCTATAACGAGAAGGGCCTGGAGGTCACCA,KIRC
SPATA5,4,123868400,123868400,G,T,Nonsense_Mutation,SNP,+,GCAATCATCACCACCACTGAACTATTTTCAGCTTGCACAAC,KIRC
FAM105A,5,14601213,14601214,TT,A,Nonsense_Mutation,DEL,+,CTCTGCAGATATCCAATCCACCTGAAAGATAAAAGGGAACA,KIRC
KCNH5,14,63473094,63473094,G,T,Nonsense_Mutation,SNP,+,TAATCTTTGACTATCTTTCCTTTCTGTTATATCTAATGTAA,KIRC
BTNL8,5,180377360,180377360,T,A,Nonsense_Mutation,SNP,+,GGTTGCCAGTGACTGGGGGCTGGGGACACTGGGGAATTGTT,KIRC
ELF1,13,41507956,41507956,G,A,Nonsense_Mutation,SNP,+,GCTTTGCTTCAGGGGTGGGTGCTCATGGAGAACCTCTGCTA,KIRC
SMARCD2,17,61911351,61911351,G,A,Nonsense_Mutation,SNP,+,AAGGATACCAAAGAGCTTTTGTTTATGTGGCTTTTTTTCTG,KIRC
CDH19,18,64235684,64235684,A,T,Nonsense_Mutation,SNP,+,TCATATTTCATATTGAAATTTGATCCCGAGTGTTAGGCGTG,KIRC
OR10H4,19,16059970,16059970,G,A,Nonsense_Mutation,SNP,+,GTTGCCCAGGCTAGTCTTGAACTCCTGGCCCCTCAAGCTGT,KIRC
TTN,2,179404241,179404241,G,A,Nonsense_Mutation,SNP,+,CTGATAAGCAGAATTTCAGAAGTCTTTAATTCCCATGCAGC,KIRC
PCDH10,4,134071550,134071550,C,A,Nonsense_Mutation,SNP,+,GTTTGCCTCAAAAGGCATAGGGTGGTGTGAGAGGTACAATG,KIRC
KDM5C,X,53224222,53224222,G,C,Nonsense_Mutation,SNP,+,CTGAGCCCGTGAAATGGATCCCAGAAATGGTTATTTAGAGG,KIRC
A1CF,10,52601746,52601746,T,A,Nonsense_Mutation,SNP,+,AGAACATGAAGGTAAAATTATTTTTTAAAACATGAAAAACT,KIRC
ARHGAP5,14,32563340,32563340,T,G,Nonsense_Mutation,SNP,+,ATATGATTTTTAATTCTCCTTTGCAGGAGGAAACTGGAGCA,KIRC
SETD2,3,47164498,47164498,G,T,Nonsense_Mutation,SNP,+,GCCGCGGAGCGAGAAGGCTGATGTCTCGGGTGTCTCGGGGA,KIRC
KRT7,12,52629134,52629134,G,T,Nonsense_Mutation,SNP,+,CAGAGACTTCCTGAGAGGGGGCACCATCCCCTGAGGATCTG,KIRC
ACLY,17,40054059,40054059,C,A,Nonsense_Mutation,SNP,+,CTCACCCCAACAACCTCCGCCTCCCGGGTTCAAGCGATTCT,KIRC
FLG2,1,152324078,152324078,C,A,Nonsense_Mutation,SNP,+,TACCAAAATCTAGAAGTTATCCATGATTCCTGTTTTCTCAT,KIRC
MOV10L1,22,50558941,50558941,C,T,Nonsense_Mutation,SNP,+,GGCCAAATGTCAGTGCTGCAGAGATGTTAAATAAAAGAAAG,KIRC
UBR3,2,170806130,170806130,C,T,Nonsense_Mutation,SNP,+,CCCAGTGCTTTACTTCCCAGGCTCCTCCAAGCTCTGTACGC,KIRC
ATM,11,108115600,108115600,C,T,Nonsense_Mutation,SNP,+,ATCCGTGGAGAACTTGAGAGTTCTAATGGTGTGCATCCCCG,KIRC
DNAH3,16,21136611,21136611,G,C,Nonsense_Mutation,SNP,+,AAGTGAAGGGTGCAGACGAATGCTGTATGAATGGGGTCCCT,KIRC
SUPT5H,19,39965287,39965287,C,T,Nonsense_Mutation,SNP,+,CATCTATCTGTGGACTCTTGATTCTGTTCTGTTGATCTAAT,KIRC
CNTNAP5,2,125521709,125521709,C,T,Nonsense_Mutation,SNP,+,GTGTGAGATGGTATCTCACTGTGGTTTTTATTTGCATCTCT,KIRC
KIF1A,2,241662861,241662861,C,T,Nonsense_Mutation,SNP,+,TTGGGATTATAGGCGTGAGCCACCGCGCCCGGCCCACTTTA,KIRC
SLC9A5,16,67304703,67304703,G,T,Nonsense_Mutation,SNP,+,CCACTGCACTCCAGCCTGGGCAACAAAACGAGACTCTGTCT,KIRC
CRB1,1,197446956,197446956,C,T,Nonsense_Mutation,SNP,+,ATATAACACTCAATAGATCTATAATATATATCCCAAATATA,KIRC
RBM11,21,15599585,15599585,C,T,Nonsense_Mutation,SNP,+,CTTTATGGGTTGGCTAGTGTGGAGGTGGACAAGATGATTCT,KIRC
HSF2BP,21,45053272,45053272,C,A,Nonsense_Mutation,SNP,+,ATACCCACTGATCCTCACCTTGAATTTTTCAGCGCACAGCG,KIRC
UGGT1,2,128878020,128878020,G,A,Nonsense_Mutation,SNP,+,TTCTACCAAGCCATTGTCCATCAAAATTGTCAGTGACATCA,KIRC
ANKRD7,7,117876197,117876197,C,T,Nonsense_Mutation,SNP,+,TGGGTCATCAGCATCGTTATGATCCAAAAAAAGGATGTAAA,KIRC
CDK12,17,37681093,37681093,C,T,Nonsense_Mutation,SNP,+,GGGCTATACAGGCTTCTGCTTCTGGGGAGGCCTCAGGAAAC,KIRC
PROS1,3,93624946,93624946,C,A,Nonsense_Mutation,SNP,+,GCAGTTTCTGAGAATGATTCCGTCTATTTTTTCTACGAAGA,KIRC
ZFAND5,9,74971943,74971943,G,A,Nonsense_Mutation,SNP,+,ACTACTGATTTTTGTATGCTGATTTTGTATCTTACAACTTT,KIRC
DENND4A,15,65957694,65957694,C,T,Nonsense_Mutation,SNP,+,CCAGTAACTGGAGCTTGTACCTGCCAGCCAGGCTGGTCTGG,KIRC
STT3A,11,125479362,125479362,C,A,Nonsense_Mutation,SNP,+,AGTTGGATGGGTCTAATCTTTCTAAGTGTTTCAGAATTGAG,KIRC
SOX5,12,23998950,23998950,T,A,Nonsense_Mutation,SNP,+,TTGATGATTATGTTTCTGGATGTGGATTTCTTTTGTTTATC,KIRC
DMXL2,15,51778458,51778458,G,T,Nonsense_Mutation,SNP,+,TTAAGTTTTAGGGTACATGTGCACATTGTGCAAGTTAGTTA,KIRC
SEMA3E,7,82997339,82997339,T,A,Nonsense_Mutation,SNP,+,AATAATATAAGCAGGTGAACTACCAGCTAATAGCTTTAGGT,KIRC
ACE2,X,15591566,15591566,C,A,Nonsense_Mutation,SNP,+,TTCAGATTACCTGTTTTCAAAAGAAATTACTGGGGAAAAAG,KIRC
NF1,17,29687577,29687577,G,T,Nonsense_Mutation,SNP,+,GTCAGTACTGCCTCCCGGTCTGCCACATGTACATTTACTAT,KIRC
LATS2,13,21557681,21557681,C,A,Nonsense_Mutation,SNP,+,CATTCCTACAGATCATTATGAACAGCAAAATAAGGAAAAAC,KIRC
PBRM1,3,52643898,52643898,A,T,Nonsense_Mutation,SNP,+,CCCACTGCAACCTCCACCTCCCAGGTTCAAGCAATTCTTTT,KIRC
SMC5,9,72892386,72892386,C,T,Nonsense_Mutation,SNP,+,GACATATTAGTCCCCACCCCGCCAAACATGATCCCCACCAA,KIRC
CALHM1,10,105215351,105215351,C,A,Nonsense_Mutation,SNP,+,GCACAGAGCAATTTGCATATAAATTTAGAGGGCTGTGTCAA,KIRC
MYRF,11,61549236,61549236,C,T,Nonsense_Mutation,SNP,+,AAACCTGAGAGACCCTGGAGCTCTTCAGAACACAGGGTGGG,KIRC
CNDP2,18,72180800,72180800,T,A,Nonsense_Mutation,SNP,+,GCAGTGAATTCTTACTAGGTAGTTCTTCAACAGATTCTTGT,KIRC
TRMT13,1,100613725,100613725,C,T,Nonsense_Mutation,SNP,+,GCCAGATGTGTTCTTTCTGTCTCTAGTCTCCTTACCCAGTA,KIRC
KIF1A,2,241706374,241706374,C,A,Nonsense_Mutation,SNP,+,GCCTCCCAAAGTGCTGGGATTACAGGCATGAGCCACCGTGC,KIRC
TFRC,3,195794940,195794941,-,ATT,Nonsense_Mutation,INS,+,CCAGAGGGCTCTGCGGTTCAGCCCGTGCCTTTGTCCACGTC,KIRC
EFNB1,X,68060246,68060246,A,T,Nonsense_Mutation,SNP,+,CGTTGGCCATCTTCTCCTTTCTGTTTTTCTAAGGACCACTT,KIRC
FGD6,12,95546724,95546724,C,A,Nonsense_Mutation,SNP,+,TTTGGCTTCTTGGTAGCCAAAAACAAAACAAAAAAACAAAC,KIRC
PAQR8,6,52268836,52268836,T,A,Nonsense_Mutation,SNP,+,CCTAGAGATTCTGGTTTAGTTGATGTGCTGTACTTTCAGTT,KIRC
EML1,14,100375765,100375765,C,A,Nonsense_Mutation,SNP,+,ACTCCTGATCTTTCCACTGCACTGTGCCGCCTCGGTGAACA,KIRC
TCN2,22,31018990,31018990,T,A,Nonsense_Mutation,SNP,+,TTCATGTGCTGGAAAGTAATCCCCACTGTAACACTATTAGG,KIRC
VHL,3,10188290,10188290,C,T,Nonsense_Mutation,SNP,+,TGTCCAGCTCCTGCATATCTAAATCCCTGTGGCAGGGCAGA,KIRC
LAMB1,7,107605113,107605113,G,A,Nonsense_Mutation,SNP,+,AAGAAAGGGAAACATCACAACTAAATGGGAATGTAACAGGG,KIRC
MAGI2,7,77708312,77708312,G,A,Nonsense_Mutation,SNP,+,GCCATCTTAACTTCCAATTCCGTACAAAAGCATCAATCTTA,KIRC
GAN,16,81391531,81391531,C,A,Nonsense_Mutation,SNP,+,TGACCTCGTTATGAAAGGTAGAAAAAAATTTAAACCCACTT,KIRC
FIGN,2,164466403,164466403,G,A,Nonsense_Mutation,SNP,+,TTCATGCTCTGATTTAATCCATTCTGTATAATCAATGGGCT,KIRC
GAN,16,81391531,81391531,C,A,Nonsense_Mutation,SNP,+,TGACCTCGTTATGAAAGGTAGAAAAAAATTTAAACCCACTT,KIRC
FIGN,2,164466403,164466403,G,A,Nonsense_Mutation,SNP,+,TTCATGCTCTGATTTAATCCATTCTGTATAATCAATGGGCT,KIRC
KRTAP4-4,17,39316569,39316569,G,T,Nonsense_Mutation,SNP,+,TGTCCCAGATTTGGCCAGTGGAAGCCCCTTCAAGCTGGTTA,KIRC
GGT1,22,25007058,25007058,A,T,Nonsense_Mutation,SNP,+,GGCCACAGATGGTGACCACAGCAGTGTGAGGCTCAGAGGCA,KIRC
RPN1,3,128350832,128350832,T,A,Nonsense_Mutation,SNP,+,GAAGAGCAGAGGCCCTGAAGTAGCCCAGGTCTCATCAACGC,KIRC
KRTAP4-4,17,39316569,39316569,G,T,Nonsense_Mutation,SNP,+,TGTCCCAGATTTGGCCAGTGGAAGCCCCTTCAAGCTGGTTA,KIRC
GGT1,22,25007058,25007058,A,T,Nonsense_Mutation,SNP,+,GGCCACAGATGGTGACCACAGCAGTGTGAGGCTCAGAGGCA,KIRC
RPN1,3,128350832,128350832,T,A,Nonsense_Mutation,SNP,+,GAAGAGCAGAGGCCCTGAAGTAGCCCAGGTCTCATCAACGC,KIRC
MYH8,17,10299727,10299727,G,A,Nonsense_Mutation,SNP,+,ACTTGGGGGACATTATGCTAAGTGAAATAAGCCAGATGCAG,KIRC
ADAM29,4,175898846,175898846,C,T,Nonsense_Mutation,SNP,+,ACCTATAGGTTCATGGACAGCATCAGCAATGTTACTAGAGA,KIRC
MYH8,17,10299727,10299727,G,A,Nonsense_Mutation,SNP,+,ACTTGGGGGACATTATGCTAAGTGAAATAAGCCAGATGCAG,KIRC
ADAM29,4,175898846,175898846,C,T,Nonsense_Mutation,SNP,+,ACCTATAGGTTCATGGACAGCATCAGCAATGTTACTAGAGA,KIRC
TM4SF19,3,196053866,196053866,C,T,Nonsense_Mutation,SNP,+,CCTGAAGTACCTTGAACCAAAATGTTTTCCCCTATAGGGAC,KIRC
SETD2,3,47129722,47129722,C,A,Nonsense_Mutation,SNP,+,TGGCTAATTTTTGTATTTTTGTAGAGATGGGGTTTCCCCAC,KIRC
TAS2R60,7,143140757,143140757,C,G,Nonsense_Mutation,SNP,+,ACACTTAAACTGTCCGTAGACAGCAAGGCTAAAAGAGCGCA,KIRC
TAS2R50,12,11138813,11138813,G,T,Nonsense_Mutation,SNP,+,CTCCTGTGCTCAGGCAATCCACCTGCCTCAGCCTCCTAAAA,KIRC
LRRC16A,6,25420357,25420357,C,T,Nonsense_Mutation,SNP,+,GGTGCTTCTGGGAAGAAGGAAGGAAAACTTGAATGTGCTAA,KIRC
FARP1,13,99083480,99083480,G,T,Nonsense_Mutation,SNP,+,TCCCAGGCCTTATATCATTTCACCTCTATATAACTAGTATA,KIRC
NFAT5,16,69725995,69725995,C,A,Nonsense_Mutation,SNP,+,GCTTCTGAAGAAAATGAGAATATCTGGCGATTGGTGGACAG,KIRC
DTX3L,3,122287741,122287741,G,T,Nonsense_Mutation,SNP,+,ACTGGTTAGGACAGTGAGGCATGCGTGAAAACCACCACGAA,KIRC
ATP13A5,3,193039503,193039503,C,A,Nonsense_Mutation,SNP,+,AGAGTCTTTTAATGAAACTCATTTTGCTGTATGTATTTATA,KIRC
FARP1,13,99083480,99083480,G,T,Nonsense_Mutation,SNP,+,TCCCAGGCCTTATATCATTTCACCTCTATATAACTAGTATA,KIRC
NFAT5,16,69725995,69725995,C,A,Nonsense_Mutation,SNP,+,GCTTCTGAAGAAAATGAGAATATCTGGCGATTGGTGGACAG,KIRC
DTX3L,3,122287741,122287741,G,T,Nonsense_Mutation,SNP,+,ACTGGTTAGGACAGTGAGGCATGCGTGAAAACCACCACGAA,KIRC
ATP13A5,3,193039503,193039503,C,A,Nonsense_Mutation,SNP,+,AGAGTCTTTTAATGAAACTCATTTTGCTGTATGTATTTATA,KIRC
DCHS1,11,6648688,6648688,G,T,Nonsense_Mutation,SNP,+,AGTAAGTGAAACTGGGAACCAAATCCAGCTGGCTTGGCCCT,KIRC
MED13,17,60072716,60072716,G,A,Nonsense_Mutation,SNP,+,GAGCAGCACAAATGTGAACTCGTCTCTGCATAGCACAGTGC,KIRC
VPS13B,8,100108618,100108618,A,T,Nonsense_Mutation,SNP,+,TCTGTGCCATAGTTCCTCAGGCTCAGTCCCTCACAGCTTCC,KIRC
DCHS1,11,6648688,6648688,G,T,Nonsense_Mutation,SNP,+,AGTAAGTGAAACTGGGAACCAAATCCAGCTGGCTTGGCCCT,KIRC
MED13,17,60072716,60072716,G,A,Nonsense_Mutation,SNP,+,GAGCAGCACAAATGTGAACTCGTCTCTGCATAGCACAGTGC,KIRC
VPS13B,8,100108618,100108618,A,T,Nonsense_Mutation,SNP,+,TCTGTGCCATAGTTCCTCAGGCTCAGTCCCTCACAGCTTCC,KIRC
SPPL3,12,121205204,121205205,-,T,Nonsense_Mutation,INS,+,GAAAAGCTATGTTTGGCATCTGACCTTGTCTCTTTAACCTT,KIRC
MNS1,15,56735643,56735643,A,C,Nonsense_Mutation,SNP,+,TGAAGTTCCCTGTTTTAAGTCGTTTTTGTTTGTTTTTGAGA,KIRC
TTN,2,179439168,179439168,A,C,Nonsense_Mutation,SNP,+,GTCCAGGAGCTGTTTGACGGATAAAGATTAAGTTAGCCTCA,KIRC
KIAA1109,4,123150307,123150307,C,A,Nonsense_Mutation,SNP,+,CTTCCTCTCTTCCTATTTAAATACGCTTTATTTCTTTCTCT,KIRC
SPPL3,12,121205204,121205205,-,T,Nonsense_Mutation,INS,+,GAAAAGCTATGTTTGGCATCTGACCTTGTCTCTTTAACCTT,KIRC
MNS1,15,56735643,56735643,A,C,Nonsense_Mutation,SNP,+,TGAAGTTCCCTGTTTTAAGTCGTTTTTGTTTGTTTTTGAGA,KIRC
TTN,2,179439168,179439168,A,C,Nonsense_Mutation,SNP,+,GTCCAGGAGCTGTTTGACGGATAAAGATTAAGTTAGCCTCA,KIRC
KIAA1109,4,123150307,123150307,C,A,Nonsense_Mutation,SNP,+,CTTCCTCTCTTCCTATTTAAATACGCTTTATTTCTTTCTCT,KIRC
CD3D,11,118209936,118209936,G,A,Nonsense_Mutation,SNP,+,AGGGTTCAAGACTGCAGTGAGCTATGATGGCACCACTGCAT,KIRC
NBPF10,1,145296511,145296511,C,T,Nonsense_Mutation,SNP,+,TACTTTTTCCCACTTTTCCAGGCTCAGCAGGGAGCTGCTGG,KIRC
CD3D,11,118209936,118209936,G,A,Nonsense_Mutation,SNP,+,AGGGTTCAAGACTGCAGTGAGCTATGATGGCACCACTGCAT,KIRC
NBPF10,1,145296511,145296511,C,T,Nonsense_Mutation,SNP,+,TACTTTTTCCCACTTTTCCAGGCTCAGCAGGGAGCTGCTGG,KIRC
RPS24,10,79814397,79814397,C,T,Nonsense_Mutation,SNP,+,GTACGTATTCTAAATATGGACATATGCTATGTATCATAATG,KIRC
COL6A2,21,47533975,47533975,C,A,Nonsense_Mutation,SNP,+,,KIRC
DNER,2,230411681,230411681,G,T,Nonsense_Mutation,SNP,+,CCTGGTCTCTGTCCTCTTCCCTAAGAGTTTCATTCCGTCCG,KIRC
PCM1,8,17814231,17814231,G,T,Nonsense_Mutation,SNP,+,TCAGATAAAAGCTGGTTGCCTTCTGCTCTTTTTTCCTCTCT,KIRC
OR2T33,1,248436253,248436253,G,C,Nonsense_Mutation,SNP,+,AACAGCCTGAATCTGTAAATGCCTAATGTCAGTTGACAGCA,KIRC
UTRN,6,144844257,144844257,A,T,Nonsense_Mutation,SNP,+,AAAAAAAGAGAGAGAAAGACACATGCACTGGGCACTGAGTC,KIRC
PTPRR,12,71078029,71078029,C,A,Nonsense_Mutation,SNP,+,CACATTTATTGACTTGCGTATGTTAAACCATCCCTGCATCC,KIRC
SLITRK6,13,86369824,86369824,C,A,Nonsense_Mutation,SNP,+,ATAATTAAACTCTGAAGAAATTAAAAACCCGAATAGAACAA,KIRC
PSG7,19,43439634,43439634,C,A,Nonsense_Mutation,SNP,+,GCGTCACTCTTGACATGCAACAGGCTGCTTTCCCATACACG,KIRC
VAV1,19,6853974,6853974,T,G,Nonsense_Mutation,SNP,+,AGAAGTCATAGCGGGCTTTGGCTGTGCCAAAATACTTTGTG,KIRC
AZU1,19,831827,831827,C,T,Nonsense_Mutation,SNP,+,AACACCATCGATCCAGTCTCGGAAGAGCGCCACTCGGGTGA,KIRC
ECE1,1,21584023,21584023,C,A,Nonsense_Mutation,SNP,+,TCCAGAACTTACAGGGGGTGGCAGAGCCACCCCTGGAAAGA,KIRC
PTAFR,1,28477382,28477382,C,A,Nonsense_Mutation,SNP,+,TCAGGAGTTCAATAACAGCCTGGGCAGCTGGGCACAGTGGC,KIRC
ZCCHC11,1,52956411,52956411,G,A,Nonsense_Mutation,SNP,+,CTTAATTTGGGGTAGAGGTCCTTTAATGTTTCAACAGAGAA,KIRC
SETD2,3,47163797,47163797,C,A,Nonsense_Mutation,SNP,+,CCGCCTTATCCCCAGCCGAGGGCGGCGCGTCCTGACGGGTG,KIRC
SETD2,3,47164447,47164447,G,T,Nonsense_Mutation,SNP,+,CGTCGCCTGCTGTTTGTCAGTCGCCAGCTGTGACACGGTAG,KIRC
FGG,4,155533709,155533709,A,T,Nonsense_Mutation,SNP,+,ATACATATTGTCAACAAAAAGAGTCAAACTCTGAGAAATAT,KIRC
PLEC,8,144991469,144991469,G,A,Nonsense_Mutation,SNP,+,ATTGGGAAGTGTTCTCTTTTGTTTTTTTGGAAGAGTTTGTG,KIRC
TLR8,X,12938993,12938993,G,T,Nonsense_Mutation,SNP,+,TTTCTTTCTTTCTTTTTTTCTTTAACTAAAATAGTTATTAT,KIRC
PPEF1,X,18822154,18822154,G,T,Nonsense_Mutation,SNP,+,GCATGTGTGGAAAATGTAGTGGCACCCACCTTCTAGTAAAT,KIRC
TICRR,15,90126125,90126125,T,A,Nonsense_Mutation,SNP,+,GAGGGCAGTGGAGCCTTTTTGGCTCAGTGCAACCTCCGCCT,KIRC
METTL4,18,2544671,2544671,T,A,Nonsense_Mutation,SNP,+,ACTGGGGAGGGTTCAAGAAAAAACTGCTCTACCATTGAGGT,KIRC
ZBTB8OS,1,33116038,33116038,G,T,Nonsense_Mutation,SNP,+,TCATATAACTGAACATTCTTGTTTATAAACTTTTTGTTGAT,KIRC
VHL,3,10183734,10183734,C,A,Nonsense_Mutation,SNP,+,TAATTCTCTTATTTATTTATTTATTTATTTATTTTGAGACG,KIRC
PBRM1,3,52613209,52613209,C,A,Nonsense_Mutation,SNP,+,AAAACAAATCCAATCATGTCATTTCACTTCCACATAGTTCA,KIRC
TAC3,12,57409500,57409500,C,A,Nonsense_Mutation,SNP,+,TTTTTTTTGCCCCACCTCTCAGCTCTAGTTTTTATTAAATA,KIRC
NUP153,6,17706532,17706532,G,C,Nonsense_Mutation,SNP,+,TGCTCGCAACCTCGCGGTTCCTGGGGTGCTTGTGCCCACTG,KIRC
SLC22A6,11,62744751,62744751,G,T,Nonsense_Mutation,SNP,+,TCCCGCTAATTCTGTATTTTCAGTACAGTCAGGGTTACACC,KIRC
SCGB2A1,11,61977950,61977950,G,T,Nonsense_Mutation,SNP,+,ATCTGACAGGAGGCAGAGCTGGGATAACCAGCAGGCAGAGC,KIRC
FAM168A,11,73120706,73120706,C,A,Nonsense_Mutation,SNP,+,ACACAATTTTGCTGTTGTTGCCCAGGCTGGAGTGCAGTGGC,KIRC
LRP2,2,169993944,169993944,G,C,Nonsense_Mutation,SNP,+,GGAGAAAGAGCTGAGTCCGGGGTTGGGGAAAAGTGCAAGGT,KIRC
CHRM5,15,34355731,34355731,G,A,Nonsense_Mutation,SNP,+,ATCCCTGTGCATCCCTCTGGGGCTATCTAGGGCTTGCTCCT,KIRC
AMPD1,1,115221022,115221022,T,A,Nonsense_Mutation,SNP,+,ATACGCATAAGCCCGCTATTCTCCTCCCCTGCCCACCCCCA,KIRC
BAP1,3,52437163,52437163,G,C,Nonsense_Mutation,SNP,+,AGGCAGGGGAGGGGGCTGTGCCCTGGGCCCAGGACTAGGCT,KIRC
LRRC16A,6,25285102,25285102,G,T,Nonsense_Mutation,SNP,+,AATCTAAAAGCCTTTGATCTTTAAAATTCAAATTACCCTAT,KIRC
EVPL,17,74018281,74018281,G,A,Nonsense_Mutation,SNP,+,GGACAAAGGGCGTCTTTGCTGTAGTTCTGGGTTGACCACAT,KIRC
RHBDL1,16,726989,726990,-,AA,Nonsense_Mutation,INS,+,CGCCCCCGCCCCCGCCCGGCCCGGATCCTGCGCGCGATGAG,KIRC
PPFIA2,12,81688619,81688619,G,A,Nonsense_Mutation,SNP,+,ATCACTTCCGATAGGCTAATCTCCAAGTTTTTTTTTTTTAA,KIRC
FGF9,13,22275428,22275428,C,T,Nonsense_Mutation,SNP,+,TCTCTCTCTTCCTTTCCAAATGCTACGGCCAGCTCTGCCCA,KIRC
BICD1,12,32369298,32369298,G,T,Nonsense_Mutation,SNP,+,ACCGGACTACTGAGGTCTGGCACCATCAGAGGCCAGGTGGC,KIRC
RTTN,18,67872495,67872495,C,A,Nonsense_Mutation,SNP,+,GAGGGAAATCATAAAGTAGTCAAATTTTGGAATGATGTAAC,KIRC
CEP135,4,56884018,56884018,G,T,Nonsense_Mutation,SNP,+,ATGAGCCACCCCATCATGCTTAGCTAAGTTTTTTGTTTGTT,KIRC
SETBP1,18,42530907,42530907,C,A,Nonsense_Mutation,SNP,+,CCACTGACGCTCTGCCCCTCCCTCATTGTCAACTCAAGGGT,KIRC
VHL,3,10191563,10191563,G,T,Nonsense_Mutation,SNP,+,CAAACACTTGGCATATCCCCGCAAGTGAAGGATGACCGTAG,KIRC
USP12,13,27680064,27680064,G,T,Nonsense_Mutation,SNP,+,CTAACGAAATGGACAACATGACTCACTGTGTAGACCTCAGT,KIRC
ADAM22,7,87795203,87795203,C,A,Nonsense_Mutation,SNP,+,AGTTTGCAAATATTTTCTCCCACTATGTGGGGTTGTGTCTT,KIRC
PTEN,10,89717762,89717762,A,T,Nonsense_Mutation,SNP,+,AGTTGAAAGTTTAAATATTGTAATATTTAATATGCTAATAA,KIRC
LAMC2,1,183204764,183204764,T,G,Nonsense_Mutation,SNP,+,GCAGCTCATTATATATTTATTCAGAGCAATCTTTTCAAAAT,KIRC
MRPS15,1,36926350,36926350,G,A,Nonsense_Mutation,SNP,+,GAGGAAAGGAGGGAGGAACCTCAAGTACATGCATTGTTCAT,KIRC
VHL,3,10191536,10191536,A,T,Nonsense_Mutation,SNP,+,AAGGATGACCGTAGTGGCTGAGGGGAATGACTGAGGGGGAA,KIRC
PIK3CA,3,178921334,178921334,T,A,Nonsense_Mutation,SNP,+,TCAGTGTGTTTTGACCTGAAATGAAAAACAAGGTATGAACA,KIRC
CCDC125,5,68581285,68581285,G,C,Nonsense_Mutation,SNP,+,TTAAACATTTTTTTGCCACTCTGATATGTCAAAAAATGCAA,KIRC
NXF2B,X,101615563,101615563,C,A,Nonsense_Mutation,SNP,+,GCTCAATCCAGGACCACACTCTTATTGGCCAGGCAGGGGCT,KIRC
UBOX5,20,3102446,3102446,G,T,Nonsense_Mutation,SNP,+,ACAGCCTCGGCGAATTGACCTTCAATCATGAGATGATGGAA,KIRC
NIPBL,5,37048673,37048673,T,A,Nonsense_Mutation,SNP,+,AAATATATTTTCACTTACAGTCTCTATCTGCCTGCTGCATA,KIRC
CACNA1C,12,2566764,2566764,A,T,Nonsense_Mutation,SNP,+,TGTCTGTTTTTAACAAGGTAGCGCATTTTATTGTGGGGCTT,KIRC
IRF2BP1,19,46388204,46388204,C,A,Nonsense_Mutation,SNP,+,ACCCTCTCTGCTGATCTGCCCTCCAGACCCCATTCAATCCC,KIRC
LIMA1,12,50571732,50571732,C,T,Nonsense_Mutation,SNP,+,GTGAAACCCTGTCTCTACTAAAAATACAAAAAATTAGCCAG,KIRC
NUTM1,15,34647722,34647722,G,T,Nonsense_Mutation,SNP,+,ATTTCATTCCAAGTTCAAGAAGCCCTTGCATGCCCAATGGG,KIRC
DAPK2,15,64218210,64218210,C,A,Nonsense_Mutation,SNP,+,GCCTGTATTCCCAGCACTTTGGGAGGCCAAGGAGGGAGGAT,KIRC
PLD3,19,40873738,40873738,G,A,Nonsense_Mutation,SNP,+,CGAGGCGGGCAGATCACTTGAGGTCAGGATTTTGAGACCAG,KIRC
BRDT,1,92470112,92470112,G,T,Nonsense_Mutation,SNP,+,TTAATCTTCTTTTATGGCTTTCAATAACACTTTGTCATTGT,KIRC
UXT,X,47518230,47518230,G,A,Nonsense_Mutation,SNP,+,TGGAAGAGAAGGGACACGTCAGGTGCAGAGAACACAGGAAG,KIRC
ERBB3,12,56495609,56495609,C,T,Nonsense_Mutation,SNP,+,GGAAATATGGTGATTCTAGCAATAATAAAAAATGGAGGCCA,KIRC
RIPK1,6,3113551,3113551,T,A,Nonsense_Mutation,SNP,+,CGGGAGGATCACTTGAGTCCAGAAGTTTGAGACCAGCCTGG,KIRC
MAP4K3,2,39519948,39519948,C,A,Nonsense_Mutation,SNP,+,CCTTCACAGAAATATCCAGAATAACATTTGACCAAATATCT,KIRC
TCEB1,8,74858967,74858967,G,T,Nonsense_Mutation,SNP,+,AAATTTAAATTTTGCCAGTATTTACATTTTTAGCAGAGCAA,KIRC
SLC4A2,7,150768602,150768602,C,T,Nonsense_Mutation,SNP,+,ATTTTTTGAAATAGGGTCTCACTCTGTTACCCAGGTTACGA,KIRC
SLC4A2,7,150768602,150768602,C,T,Nonsense_Mutation,SNP,+,ATTTTTTGAAATAGGGTCTCACTCTGTTACCCAGGTTACGA,KIRC
USP35,11,77921086,77921086,C,T,Nonsense_Mutation,SNP,+,AGTAGAAAGCAGTCCATATATTCTCTGAAAACTTGTTTGTT,KIRC
SERINC4,15,44087392,44087392,C,A,Nonsense_Mutation,SNP,+,ATATGTTGACTGCATTACTCTTAAGTTTATATGTTATTACG,KIRC
NOTCH3,19,15289963,15289963,G,T,Nonsense_Mutation,SNP,+,AAATGTGAATTACTCCTTGCCCTTCAGGCTGCTTCGTTGGA,KIRC
PLD3,19,40876046,40876046,A,T,Nonsense_Mutation,SNP,+,TGGTTCACCATTGTTACATCTCTTGTAGAAAGAAACTGAGG,KIRC
DNAH14,1,225586358,225586358,T,A,Nonsense_Mutation,SNP,+,AGTTTTGTTTGTGAGGAGCTTCATATATCAATTTCTTTCTT,KIRC
BCOR,X,39931683,39931683,G,T,Nonsense_Mutation,SNP,+,GACATTTCTGGAAACCACAGAGGGAAAACAGCAACAACTCG,KIRC
ZNF33B,10,43088522,43088522,G,A,Nonsense_Mutation,SNP,+,CCATCAACATCACCGTCACCTCTACCACTACCATTACCTCC,KIRC
HIP1R,12,123340841,123340841,A,T,Nonsense_Mutation,SNP,+,AACTAATGGATATGCTTAAACCTCGCTGGAGTAATATAGAT,KIRC
ABCC6,16,16256866,16256866,G,A,Nonsense_Mutation,SNP,+,GTAAAACCACATGAATTCAACCACAAGATGTCCCTGCCTGT,KIRC
LAMP5,20,9495509,9495509,C,T,Nonsense_Mutation,SNP,+,AGAATGGAATCATATGGTCATATGTTCATACCTGGCTTCAA,KIRC
ZNF33B,10,43088522,43088522,G,A,Nonsense_Mutation,SNP,+,CCATCAACATCACCGTCACCTCTACCACTACCATTACCTCC,KIRC
HIP1R,12,123340841,123340841,A,T,Nonsense_Mutation,SNP,+,AACTAATGGATATGCTTAAACCTCGCTGGAGTAATATAGAT,KIRC
ABCC6,16,16256866,16256866,G,A,Nonsense_Mutation,SNP,+,GTAAAACCACATGAATTCAACCACAAGATGTCCCTGCCTGT,KIRC
LAMP5,20,9495509,9495509,C,T,Nonsense_Mutation,SNP,+,AGAATGGAATCATATGGTCATATGTTCATACCTGGCTTCAA,KIRC
LCLAT1,2,30756119,30756119,T,A,Nonsense_Mutation,SNP,+,TGTTTGCAGAGCAGGGACTGGGGGAGACGGATCTAGCAGAA,KIRC
GPATCH11,2,37315582,37315582,C,T,Nonsense_Mutation,SNP,+,AGAGGGCACAAGGCCCCCTGGGACACAGTAGCTAGCAGCTG,KIRC
LCLAT1,2,30756119,30756119,T,A,Nonsense_Mutation,SNP,+,TGTTTGCAGAGCAGGGACTGGGGGAGACGGATCTAGCAGAA,KIRC
GPATCH11,2,37315582,37315582,C,T,Nonsense_Mutation,SNP,+,AGAGGGCACAAGGCCCCCTGGGACACAGTAGCTAGCAGCTG,KIRC
UCP2,11,73686108,73686108,C,A,Nonsense_Mutation,SNP,+,AATATTTTTAAAAGGTCTCCCCCAACCCCCACATCTTTCCC,KIRC
CANT1,17,76991241,76991241,C,A,Nonsense_Mutation,SNP,+,AAGGTGCTACACACTTTTATTATTATTTATTTATTTATTTT,KIRC
ZNF415,19,53611977,53611977,T,A,Nonsense_Mutation,SNP,+,ATTCTCCTGTCTCAGCCTCCCGAGTAGCTGGGATTACAGGC,KIRC
MYH7B,20,33567237,33567237,G,T,Nonsense_Mutation,SNP,+,GCTGTTGCTTTAAACAAAACACAAAGAGTTGCTTTTTCAGG,KIRC
SLC44A1,9,108128708,108128708,C,T,Nonsense_Mutation,SNP,+,ATTTGGCTCATATTTCTCTTGCTTATATTTGAATTATAAGA,KIRC
MAPK6,15,52356312,52356312,C,G,Nonsense_Mutation,SNP,+,TTGAACTTTTCTTATTTCCTAAATTTTCTGTAAAAGCTTAT,KIRC
RYR1,19,39034203,39034203,C,A,Nonsense_Mutation,SNP,+,ACAAATCTCTCGATTTAAAATGTTTTGTTGCGGTGGCTCAT,KIRC
PPP1R16B,20,37536684,37536684,C,T,Nonsense_Mutation,SNP,+,GAACCGATATCAAGACACAGGAATTGAAATTGAGAAAGTAA,KIRC
UNC80,2,210640757,210640757,C,T,Nonsense_Mutation,SNP,+,AAAAACTAAATAAACTATGCTTAAAGTAATAGAATAAGATT,KIRC
ARHGAP26,5,142264938,142264941,AAAA,T,Nonsense_Mutation,DEL,+,AAAAGTAAGGGCAGAAGAAAGCATTTTCAGCAAAGGTCTGA,KIRC
COLCA2,11,111179133,111179133,G,T,Nonsense_Mutation,SNP,+,CCTCTCCCCTCTCCCTCTTATGAGCTGTGTGGTCTCACATT,KIRC
SLC5A12,11,26743123,26743123,G,A,Nonsense_Mutation,SNP,+,GTTCATAATAGTCACTTTCACTGCAAAAAGAGGTCGTCATC,KIRC
VN1R4,19,53770040,53770040,G,T,Nonsense_Mutation,SNP,+,GCCACCGTGCCTGGCTGAAGCCTAAAGACTTCTCTGGGGCA,KIRC
BAP1,3,52436624,52436624,G,A,Nonsense_Mutation,SNP,+,CACCCTGGGCTGGGGCTGTCAGCTCGCACCGTTGGGGGAAT,KIRC
C17orf70,17,79514205,79514205,G,A,Nonsense_Mutation,SNP,+,GACGCTGGGAGGTGAGCAGAATCCCAGGAGTGTTGGCCGCG,KIRC
PLXNA1,3,126708484,126708484,A,T,Nonsense_Mutation,SNP,+,TGTCACCAGACAGAACCTTTCCAAAGCTCTGCTCCTGACCA,KIRC
MACF1,1,39888091,39888091,C,T,Nonsense_Mutation,SNP,+,CTATGTATTGCTTTCAATTTCCTAAAGAAGGTGAGGTAGGT,KIRC
PLEKHM3,2,208842260,208842260,T,A,Nonsense_Mutation,SNP,+,AATCACCTCCCACCAGTCTCCTTCCCCAACACTGGGAATTA,KIRC
MMRN2,10,88705161,88705161,G,T,Nonsense_Mutation,SNP,+,ACGTTTTATATTCTTATATTTTTAATGTATAATTCCACTTA,KIRC
TTN,2,179571293,179571293,G,A,Nonsense_Mutation,SNP,+,ACAGCTGTTATTCCTTATTGTCCATAACTGTTGTAATGACC,KIRC
DENND6A,3,57651856,57651856,G,C,Nonsense_Mutation,SNP,+,GATTTCTTGTTTTATTCAATAGATTCTAATCCATTATTACC,KIRC
DENND2D,1,111730259,111730259,G,A,Nonsense_Mutation,SNP,+,GGAGAATAGGGAAGACAGAGGGAGAAGCAGTTTGCAAGGGA,KIRC
MAP3K19,2,135745518,135745518,C,T,Nonsense_Mutation,SNP,+,TAAACCAAATGAGACATTGTCTGCCTTCAACAGAGCTTAAA,KIRC
TDRD1,10,115962900,115962900,A,T,Nonsense_Mutation,SNP,+,GTACATCCGTGGGGAGGCACCAAATCTCTGCTTCCTCCTCT,KIRC
BAZ2B,2,160194250,160194250,C,A,Nonsense_Mutation,SNP,+,AGGAAATTTATCAATGATTGTAACACTTAGAAATTTTGTTT,KIRC
UNC13B,9,35310690,35310690,G,T,Nonsense_Mutation,SNP,+,TTTCATCTCCTTGGGTTCACATGCTGCCTCCTTCTCTGCTT,KIRC
G6PC,17,41062994,41062995,-,A,Nonsense_Mutation,INS,+,ATCAGGTAAAAGAAGGATTGAGCAACATGTAAGTATCTGAT,KIRC
BAP1,3,52439876,52439876,G,T,Nonsense_Mutation,SNP,+,GGACCTACGATGTCATTTTCCTGGGGACTGGTAGGACAGCT,KIRC
VHL,3,10191532,10191532,C,A,Nonsense_Mutation,SNP,+,ATGACCGTAGTGGCTGAGGGGAATGACTGAGGGGGAAAGTG,KIRC
PBRM1,3,52584626,52584626,G,A,Nonsense_Mutation,SNP,+,CCATCTCTACAAAAAGTACAAAAATTAGCCAGGCATGGTAG,KIRC
KMT2C,7,151860719,151860719,G,A,Nonsense_Mutation,SNP,+,ATCAGGTTAATATGCTTTTTGTCCTCTTCTCCTTGGGGCAT,KIRC
TMEM132E,17,32953272,32953272,C,A,Nonsense_Mutation,SNP,+,TCCAGCTGTTTCTATACCTCACTTCTTATTTCTGTACCTCA,KIRC
OSBPL11,3,125286405,125286405,A,C,Nonsense_Mutation,SNP,+,TCTGCATTCTCACTGGTCTTGAGTGTCTGACTTTGCTTAAG,KIRC
ZNF621,3,40574134,40574134,T,A,Nonsense_Mutation,SNP,+,CCTGACTCAGCCTGGGACACAACTTTCAACACCCGCATTAG,KIRC
MEGF10,5,126778709,126778709,T,G,Nonsense_Mutation,SNP,+,GAGGCAAAAGCTGGGGACAGAGGGCCGCTGCCTGAGGGGTA,KIRC
DGKB,7,14378224,14378224,G,A,Nonsense_Mutation,SNP,+,TAAAGAGGTCAACTTCAAAATTAGTAGCAGAAAAAAGGGAC,KIRC
TAF7L,X,100532702,100532702,C,A,Nonsense_Mutation,SNP,+,GACTTAATAAACTTAAGATTGAAATTATACCAAATTTTTTT,KIRC
GK5,3,141934478,141934478,C,T,Nonsense_Mutation,SNP,+,TTTGAAAAATTGGCCTCTTACGAGCCTCTGTCAAGAGAGAA,KIRC
ARFGEF2,20,47605057,47605057,T,A,Nonsense_Mutation,SNP,+,TGGCCAACATGGTGAAACACTGTCTCTACTAAAAATACAAA,KIRC
KCTD14,11,77727894,77727894,G,T,Nonsense_Mutation,SNP,+,AGTTTTGTTTTCATATAATAACGACTACCTTAGGCTTGTGT,KIRC
STAT2,12,56750313,56750313,G,A,Nonsense_Mutation,SNP,+,AAATCCAGCCACTACTACCAGTGCTACCAACATTATCATCT,KIRC
PYCARD,16,31213519,31213523,CAGAG,AT,Nonsense_Mutation,DEL,+,CTGCAGCCCAGAACTCAATTCTGCCCTGGTTCCTGTATGTG,KIRC
RIMS1,6,72960946,72960946,T,A,Nonsense_Mutation,SNP,+,ATGAGCTGTTCCTCAGGCTGGAGTGTATTGATGTGATCACA,KIRC
BRINP3,1,190067930,190067930,G,A,Nonsense_Mutation,SNP,+,GATGTATACTTCCCCACCCATGTGATTGTGGGTTTGGCCAT,KIRC
KIAA1755,20,36869596,36869596,C,A,Nonsense_Mutation,SNP,+,TTTTTGAGACAGAGTCTTGCTCTGTCTCCCAGGCTGGAGTG,KIRC
PTPN4,2,120720267,120720267,G,T,Nonsense_Mutation,SNP,+,TTTGGAACCGTCCCTTTCTGGCCCTAAGGACGTGGCCAGGC,KIRC
IWS1,2,128262533,128262533,C,A,Nonsense_Mutation,SNP,+,CCATTTCCTTCTCTGTGAAATGGGAAGGCTGGGCCAGGTGT,KIRC
PRKCG,19,54395811,54395811,G,A,Nonsense_Mutation,SNP,+,AGTCTCGCTCTGTCGCTCAGGCTGGAGTGCAGCAATCTCGG,KIRC
TRPM3,9,73477850,73477850,C,A,Nonsense_Mutation,SNP,+,TGTAAGTTTTAATATATTTAGACTTACATCTGCCTCTTGGT,KIRC
KMT2C,7,151851228,151851228,G,T,Nonsense_Mutation,SNP,+,GTTCCGGAAAGTTGTGGTTTTGGCCTCTCCCAGCAAGAGGC,KIRC
SYNJ1,21,34011316,34011316,G,A,Nonsense_Mutation,SNP,+,AGGAGGCAGAGGTTGCAGTGAGCCGAGATCATACCACTGCA,KIRC
ZXDC,3,126160625,126160625,G,A,Nonsense_Mutation,SNP,+,CCTGATCATGGGGTGGCATTAGGGTCCTGGAGAAGGGCTAT,KIRC
PLEKHH1,14,68038960,68038960,C,A,Nonsense_Mutation,SNP,+,TGAACATGAAGTTGTGAAGAGATATACAATAGTATACACCA,KIRC
PTGS2,1,186645102,186645102,G,T,Nonsense_Mutation,SNP,+,CAGGCAGGGATTTTAGTTGTAGACTGAGATAAGGGTCAGAA,KIRC
CPO,2,207820279,207820279,T,A,Nonsense_Mutation,SNP,+,AAAACATTTACCAAGATGAACCCTGAGCCTTACACCCTAAG,KIRC
CRIPAK,4,1389122,1389122,C,T,Nonsense_Mutation,SNP,+,CAAACTCCTGGAAAGATGCAAACTACTGGAACTAAACAGAT,KIRC
DOCK5,8,25158135,25158135,G,T,Nonsense_Mutation,SNP,+,CATATGAAAAAATGCTCAACATCACTAATCATTAGAAAAAT,KIRC
PRKCD,3,53215262,53215262,C,T,Nonsense_Mutation,SNP,+,GTTATGTTCTCTTGATGAATTGACATATTATTTTGAAATGA,KIRC
RPL5,1,93299160,93299160,C,A,Nonsense_Mutation,SNP,+,AAAATCCTTTCCTACCCTGAAATCATAAGAATATTCTCTTG,KIRC
MAGEE1,X,75649863,75649863,G,T,Nonsense_Mutation,SNP,+,GACCACATAATTGGAAGTAAAACACTCTAAAAATGCAAAAT,KIRC
DNAH9,17,11845736,11845736,T,A,Nonsense_Mutation,SNP,+,CTGGCCATCAGAGCAATGAAAATCAAAACCACAATGAGATA,KIRC
VHL,3,10183734,10183734,C,A,Nonsense_Mutation,SNP,+,TAATTCTCTTATTTATTTATTTATTTATTTATTTTGAGACG,KIRC
ELF2,4,139983076,139983076,C,T,Nonsense_Mutation,SNP,+,GAGGATCCCAAGAAGGAATGCAGACTGTGACAAAAGAATCT,KIRC
COL19A1,6,70733567,70733567,G,T,Nonsense_Mutation,SNP,+,CCTGGGCAACATAGCAAGACCCTGTCTCAAACAAACAAAAA,KIRC
SALL3,18,76753526,76753526,G,A,Nonsense_Mutation,SNP,+,TTAACACAGTGAAACCCCGTCTCTACTAAAAAAAAAAAAAA,KIRC
ANKH,5,14711323,14711323,T,A,Nonsense_Mutation,SNP,+,CAGCCCCACACTGATGAGTCTTCTTTGGTCTAGAAAAAGAA,KIRC
NOX3,6,155776182,155776182,G,A,Nonsense_Mutation,SNP,+,TGTTCTACATTTTTCATTTATCTTATTGTCTCTTTCCTGGT,KIRC
PHF20,20,34487450,34487450,A,T,Nonsense_Mutation,SNP,+,AGTTGGGAAAAATAAGAAACAAATAGCAAGGCGAGACAAAT,KIRC
ASXL2,2,25967152,25967152,G,C,Nonsense_Mutation,SNP,+,AGCCCTGCCTATTTCAGCCAAAAGAGAAAGCAAGGAGGCTC,KIRC
ZNF283,19,44352476,44352476,G,T,Nonsense_Mutation,SNP,+,CTGATTTTCAGTACAGTGTTGAATAGTTATGTCAAGAGTAC,KIRC
VHL,3,10183794,10183794,G,A,Nonsense_Mutation,SNP,+,TTGCTAGGGCAAGGAATGGGTAGCTGCTTTCTGTTCTAAGC,KIRC
PBRM1,3,52702612,52702612,T,A,Nonsense_Mutation,SNP,+,AGCCACCTGAATAGTTGGGATTATGGGTATCAGCCACAGTG,KIRC
RALGAPA1,14,36096963,36096963,G,A,Nonsense_Mutation,SNP,+,TACAGCCTGCAAAACTGTAAGCTAATTAAACCTCTTTTCTT,KIRC
PLCB2,15,40594520,40594520,T,A,Nonsense_Mutation,SNP,+,GGGGCAGGGGCGTCTACTCGGCCCGGCGCTAACGGAGGCCG,KIRC
OR2T4,1,248525256,248525256,C,A,Nonsense_Mutation,SNP,+,TGCAAATTGACTGATGTGTACCTGTTTTAGATTTACTAATT,KIRC
ASXL1,20,31023504,31023504,G,T,Nonsense_Mutation,SNP,+,NNNNNNNNNNNNNNNNNNNNNNNNNNNNNNNNNNNNNNNNN,KIRC
TUBGCP6,22,50660936,50660936,G,A,Nonsense_Mutation,SNP,+,GGGTAATGCATATATTGATTAGCTCAATATGTTGCACATGG,KIRC
FAM153B,5,175523878,175523878,C,A,Nonsense_Mutation,SNP,+,CAAGGAAAAACTGAGGAGCCAGAGACCTCAAGAAGCCAAAC,KIRC
VARS2,6,30887607,30887607,C,T,Nonsense_Mutation,SNP,+,AAAAGTAACAAAGAGGCAATATATTCCTAACTTTGTGTGAT,KIRC
RABGAP1,9,125760994,125760994,G,A,Nonsense_Mutation,SNP,+,GAGTTTAAAGCCTTTTATTCTCAGTGACAAAATTATTGATG,KIRC
PBRM1,3,52623110,52623110,C,A,Nonsense_Mutation,SNP,+,TTGGGAAAGGAAGGGACATAAAAGCAGCATGGTGATTATCA,KIRC
STAG2,X,123197044,123197044,C,T,Nonsense_Mutation,SNP,+,CCCTCCTATTGCTCTTACAACTTTTACTGTTTTCCAAGGCC,KIRC
DEFB123,20,30037860,30037860,T,A,Nonsense_Mutation,SNP,+,ACTCTGTGAGTTGAATGCACTTATCACAAAGAAGTTTCTGA,KIRC
PBRM1,3,52712580,52712580,G,A,Nonsense_Mutation,SNP,+,CCAAGCCCACGTGTGATCTGATTCTTCCGGTACACCAAGGC,KIRC
PLAU,10,75673067,75673067,C,T,Nonsense_Mutation,SNP,+,CCACATACCAGCAGCAGGAAGCGGAGGATGAAATAAGCTGG,KIRC
KRT85,12,52756641,52756641,G,T,Nonsense_Mutation,SNP,+,GCCTTCAGCAGCCTTTGATGATCTTGCCTCAAATGAAGCGT,KIRC
IGHV3OR16-9,16,32077410,32077410,G,T,Nonsense_Mutation,SNP,+,GCTTATTAGCTTAAGGAGATTTTGGGCTGAGATGATGGGGA,KIRC
XIRP2,2,168101917,168101917,A,T,Nonsense_Mutation,SNP,+,GGGCATAACTGCTAATGGGGATAGGAGTTTCTTTTTGGGGT,KIRC
ROBO1,3,78706390,78706390,G,T,Nonsense_Mutation,SNP,+,TCCAGGGTAAGATCCAAAATACTTTTGATGATACTAGCCTC,KIRC
COL5A3,19,10071471,10071471,G,T,Nonsense_Mutation,SNP,+,GCCCTGGCCTGCCTTCCCCATCCTCCAAAGTCCAGGCTCCC,KIRC
CPB1,3,148552315,148552315,C,T,Nonsense_Mutation,SNP,+,CATCAGAAACACTGGTACTAAATAATTAGTGTATTTTGAAA,KIRC
MSN,X,64959702,64959702,C,T,Nonsense_Mutation,SNP,+,TCTCTTAAACTGAATTATGTCCATGGTTGCCAACATGTACT,KIRC
CLUH,17,2596082,2596082,G,A,Nonsense_Mutation,SNP,+,ATGCCCATCATGCAAAAAAGGTGGAAAACATTAGATTTTAA,KIRC
LRFN3,19,36435683,36435683,C,A,Nonsense_Mutation,SNP,+,CGACTAGCTGGGATTACAGGCACGCACCACTGTGCCCAATT,KIRC
MCM3AP,21,47692476,47692476,T,A,Nonsense_Mutation,SNP,+,,KIRC
PBRM1,3,52643348,52643348,G,A,Nonsense_Mutation,SNP,+,AGCTTTTTATCTTATCTCTGGATAGGACTCCATCCAACTTG,KIRC
PCDH10,4,134071517,134071517,C,A,Nonsense_Mutation,SNP,+,GTACAATGATCACTCATAGAAATCTATTAGTAGAGGAATGA,KIRC
MOB2,11,1491713,1491713,C,A,Nonsense_Mutation,SNP,+,CGTCTGTGTTGTGCGTCTTCATCTGTTGTATGTCTTCACCT,KIRC
ZKSCAN2,16,25268247,25268247,C,A,Nonsense_Mutation,SNP,+,TAAAGTAATGGTTAAAAGCACAAACTCTGGAGTCAGGTCAC,KIRC
TTN,2,179598118,179598118,A,T,Nonsense_Mutation,SNP,+,TTCAAAACTTTGTATTCATTGAGTATGTCTTCATCCTAAAG,KIRC
PPP1R3A,7,113559039,113559039,C,A,Nonsense_Mutation,SNP,+,TTCTAAAAATAATAAAGCATATATATAATACATATTTCTCT,KIRC
PDS5B,13,33316758,33316758,G,A,Nonsense_Mutation,SNP,+,TAGAGAGGGAGATGAAGAAATGAATGCAGTGGATAAGTCCT,KIRC
C8orf34,8,69351861,69351861,G,A,Nonsense_Mutation,SNP,+,GGACTATAAATCATGCTGCTATAAAGACACATGCACACGTA,KIRC
KDM5C,X,53227751,53227751,G,A,Nonsense_Mutation,SNP,+,TGCTCTTTGTACTTCCTTGAGCCTCTAGATGGAAAGGCTGA,KIRC
PCDHGA2,5,140718869,140718869,G,T,Nonsense_Mutation,SNP,+,GAGAAAGACCTACGTCACAAAGTGAGTCAAAACAACAGTGT,KIRC
ZNF492,19,22836216,22836216,C,A,Nonsense_Mutation,SNP,+,GTGTAGCTTCTCTCGGAATAAAAGCTTCTTCCATGGCTAGG,KIRC
HMCES,3,129023468,129023468,C,T,Nonsense_Mutation,SNP,+,GGCATGGTGGCGGGCGCCTGTAGTCCCAGCTACTCGGGAGG,KIRC
RUFY2,10,70140991,70140991,G,A,Nonsense_Mutation,SNP,+,CCTTGCCTCTAAAAAAACAAAAACAAGAACAAAAAAAAAAA,KIRC
C12orf10,12,53700822,53700822,C,A,Nonsense_Mutation,SNP,+,GGCAGACTGCTTATTAAGAGCTCCATTTTAGCAGGAGTACT,KIRC
TARSL2,15,102261432,102261432,T,A,Nonsense_Mutation,SNP,+,,KIRC
SIPA1L2,1,232651061,232651061,C,A,Nonsense_Mutation,SNP,+,TATATGGAGATGGAGTTTTGCCAATTTTTGAAAATATGAAA,KIRC
ACAD10,12,112167663,112167663,G,T,Nonsense_Mutation,SNP,+,CCTTGCCTCACTGGATGGGCAAGCTCTGGGAGCTTGCAGTG,KIRC
PITHD1,1,24106410,24106410,C,G,Nonsense_Mutation,SNP,+,CTCCACACTCCCTCCCCAGCTTCCACTTACACAGGCTTTCT,KIRC
PTPN13,4,87679432,87679432,G,A,Nonsense_Mutation,SNP,+,ATAACTCTTAGACTTGAACTCTGGAAAGGCTGCAATTTAGG,KIRC
C9orf84,9,114518734,114518734,C,A,Nonsense_Mutation,SNP,+,AATGCTGGTTGGTAGAAAGCTGACAAAGAAATGAAACCATC,KIRC
ARHGAP35,19,47424189,47424189,C,T,Nonsense_Mutation,SNP,+,TGAAGACTTTGGGTTATGTATCCACTAACTCCTGTCTGATG,KIRC
SETD2,3,47125380,47125380,C,A,Nonsense_Mutation,SNP,+,TCGTTGATATTTGATATTTCCTAGAGTGTGGATCACAGATG,KIRC
PBRM1,3,52595787,52595787,A,C,Nonsense_Mutation,SNP,+,AATGGATTAAAGACTTAAATCTAATACCTGAAACTATGAAA,KIRC
LRRC7,1,70493872,70493872,C,T,Nonsense_Mutation,SNP,+,GTTTTCTGGCTGGGCACAGTGGCTCATGCCTATAATCTCAG,KIRC
PBRM1,3,52668655,52668655,G,A,Nonsense_Mutation,SNP,+,TCTCCTTTAAAAAAATTTAAATTATAACAGAAATCAACCAG,KIRC
DIP2C,10,445051,445051,T,A,Nonsense_Mutation,SNP,+,TGCTAGTGAAGATATGACAGGCTGGATCTCAGACTGATGGA,KIRC
ANKRD30BL,2,132905757,132905757,C,A,Nonsense_Mutation,SNP,+,AGTATATAAAAATCAGTAGTTTTCTGTAAATGAGGAATGGT,KIRC
UBR4,1,19455528,19455528,G,A,Nonsense_Mutation,SNP,+,ATCCCGCTTGTTGGAAACCACTAGCGTGTGACAGGACAGAC,KIRC
PDE6A,5,149240511,149240511,C,A,Nonsense_Mutation,SNP,+,GGCGGAAGCAGCATGTGCTCTCATGCACCACGTTGGCAGAA,KIRC
GOT1,10,101163595,101163595,G,A,Nonsense_Mutation,SNP,+,CTTCCCTCCCTCCCTCCCTCCCTCCCTTCCTTCCTTCCTCC,KIRC
CD19,16,28944420,28944420,C,T,Nonsense_Mutation,SNP,+,AAACCCTGTCTCTACTAAAAATACAAACAAACAAAAAAAAT,KIRC
PER3,1,7886603,7886603,C,A,Nonsense_Mutation,SNP,+,TGCCAAGGTCTTGATGACTTAATTCATTCTTTGGCAACTGC,KIRC
VHL,3,10191572,10191572,G,T,Nonsense_Mutation,SNP,+,CTTAGGCAGCAAACACTTGGCATATCCCCGCAAGTGAAGGA,KIRC
SLCO4C1,5,101631681,101631681,G,A,Nonsense_Mutation,SNP,+,TCATGTACATCATATATTTTATATATATATATTATATGTAT,KIRC
SEC16A,9,139360547,139360547,G,T,Nonsense_Mutation,SNP,+,,KIRC
TBC1D8B,X,106109183,106109183,C,G,Nonsense_Mutation,SNP,+,TCATATTTACATTGAAAAAGAAAATATTTTGTAAATCTGAA,KIRC
GNG3,11,62475843,62475843,G,T,Nonsense_Mutation,SNP,+,GGAGACTGAGGCGGGCGGATCACCTGAGGTCAGGAGCTCGA,KIRC
SRGAP1,12,64377783,64377783,C,T,Nonsense_Mutation,SNP,+,CATCTTACATTTTGTATGTTTCAGTTTTGGCCTTTGTAGTA,KIRC
PLCB1,20,8698474,8698474,G,T,Nonsense_Mutation,SNP,+,TAATAATTAATACTATCATCATGATAAAGAAAGCCAACAAA,KIRC
SLC35B3,6,8417152,8417152,A,T,Nonsense_Mutation,SNP,+,GAGGATCTTTAATTTCAACATTTTTTTTTCATTAAATCAAA,KIRC
NONO,X,70516749,70516749,T,G,Nonsense_Mutation,SNP,+,GGAAGAACATTCCATGCTCATGGGTAGGAAGAATCAATATC,KIRC
VHL,3,10183748,10183748,C,T,Nonsense_Mutation,SNP,+,GTACTGATTTATTCTAATTCTCTTATTTATTTATTTATTTA,KIRC
PBRM1,3,52637711,52637711,G,A,Nonsense_Mutation,SNP,+,GATCTCGAACTCCTGGCCTCAAATGATCCGCCCGCCTCAGC,KIRC
SULF1,8,70533276,70533276,C,T,Nonsense_Mutation,SNP,+,CTTCTCTAATCAATTTTCCACATGCAGCCAGAATGATCTTT,KIRC
KMT2A,11,118375278,118375278,G,T,Nonsense_Mutation,SNP,+,AGGGAGTGAATGCTTTACACGTTACACACACACACACACAC,KIRC
PRIM1,12,57139904,57139904,C,T,Nonsense_Mutation,SNP,+,TATAGCATGCAGCGGTAGGTAGTGAGAGTGTATCTGTGTGT,KIRC
SPEN,1,16199600,16199600,C,T,Nonsense_Mutation,SNP,+,GGGCCGTTACTGTTTTCTGTGGGGTATCTGGGGGCAGTTGG,KIRC
ETNPPL,4,109681436,109681436,G,T,Nonsense_Mutation,SNP,+,CAAGGACCCCCGGTAACACTCTCTACCAGAAAGAACAAAGG,KIRC
DDX46,5,134153324,134153324,G,T,Nonsense_Mutation,SNP,+,CATGCCTTGCTAGTTTTTGTTTTTTTAAATTGATTTTTATA,KIRC
MZB1,5,138724269,138724269,C,T,Nonsense_Mutation,SNP,+,CGCCACCACGCCCAGCCAATTTTTGTATTTTTAGTAGAGAC,KIRC
PCDHA1,5,140166338,140166338,G,T,Nonsense_Mutation,SNP,+,TGGTGATCAGGAGTCATTTTTCTGCATGATGACCAGGGCCA,KIRC
GP2,16,20331781,20331781,G,A,Nonsense_Mutation,SNP,+,TTAGAACTTTCTGATCCCAGGGAAATCCACACATGTGTATC,KIRC
CHMP1A,16,89713041,89713041,C,A,Nonsense_Mutation,SNP,+,TACAAGTGTGCACCATGCCCAGCTAATTTTTGTATTTTTAG,KIRC
POLR2A,17,7416181,7416181,G,A,Nonsense_Mutation,SNP,+,GGGCAGGCCAGAGTGAGTGCCTTAACAGAGGAACGGCGGCC,KIRC
CECR1,22,17690279,17690279,G,A,Nonsense_Mutation,SNP,+,GGCTGGAGTGCAATGGCATGATCTCAGCTCACTGCAACCTC,KIRC
SEPT3,22,42383654,42383654,G,T,Nonsense_Mutation,SNP,+,TGCAGGTCATGCCCCTCCCTGCAGGGAAGGGAAAGCTGGTG,KIRC
CSMD3,8,113650949,113650949,C,A,Nonsense_Mutation,SNP,+,GTACAGGATAGTGGGAAGAGGTGGGTCAAAAAACAACATTC,KIRC
TCEB3C,18,44555134,44555134,G,C,Nonsense_Mutation,SNP,+,CTCTGTGCTCGAAGAATATAAGTCAAAATGTTGTCCTCTAT,KIRC
VHL,3,10188207,10188207,G,A,Nonsense_Mutation,SNP,+,CTCCACCCTCAGAGCCAGAGCCATCTGCTCCCCACCATCTA,KIRC
PCDHGC5,5,140870296,140870296,C,T,Nonsense_Mutation,SNP,+,AGTAGTAATTCTTGAAGGTGGACACCAGCTTGAAGGGAACG,KIRC
PRG4,1,186278973,186278973,T,A,Nonsense_Mutation,SNP,+,TCTATTGCAATTCTGCCAGGGACCTACAGGTTGTGTTATTA,KIRC
IKBKAP,9,111659236,111659236,G,A,Nonsense_Mutation,SNP,+,GACACACGTCAGCCATGTCATACTGTATCAGCCACGAGGTA,KIRC
KCNMB4,12,70794112,70794112,C,T,Nonsense_Mutation,SNP,+,CTATGGGGGGGATTCTAGAGACAAAGTATCTGGCTTAACTA,KIRC
ATG7,3,11348441,11348441,C,A,Nonsense_Mutation,SNP,+,GGTCTGCAGCTTCATTCTTGAAGTCAGCAAGACCAAGAACC,KIRC
PBRM1,3,52643768,52643768,G,A,Nonsense_Mutation,SNP,+,TATGTTGGCCAGGCTGGTCTTGAACTCCTGACCTTGTGATC,KIRC
OR4C3,11,48346849,48346849,T,A,Nonsense_Mutation,SNP,+,GTTTGCCTGGGTATCAGCAGCGGTGGCTGCAGAACAGCAGT,KIRC
OR4M2,15,22369272,22369272,G,T,Nonsense_Mutation,SNP,+,AAAACCAGTACCAGCCACTGCAAAAACATACCAAATTGTAA,KIRC
MLLT4,6,168297599,168297599,C,T,Nonsense_Mutation,SNP,+,ATCCTCCTACCATTCTGGAGGGCGGAGGTCCACAATCATTC,KIRC
ERMARD,6,170162545,170162545,T,A,Nonsense_Mutation,SNP,+,CATCCCAGACTGACTAAGCCGGGGCATTCGGGAGCAGAACG,KIRC
STAG2,X,123197782,123197783,-,A,Nonsense_Mutation,INS,+,GTCTCACAGCTAGTAAGTGGAAGAGTTGGGATGTGCAAGGA,KIRC
PRSS50,3,46754550,46754550,C,T,Nonsense_Mutation,SNP,+,AGAACAAGAATATATCCAAGAGTAAAATGGTCACGAGGGGG,KIRC
LIFR,5,38506069,38506069,A,T,Nonsense_Mutation,SNP,+,TCTGTTAATTAACAGTTTTTCAGGAAAATATGTTAGACTTA,KIRC
PITRM1,10,3209166,3209166,A,C,Nonsense_Mutation,SNP,+,CAACCAGGTGCCAGGGACACAGCCATCCACATGGAATTTGT,KIRC
PBRM1,3,52696169,52696169,G,A,Nonsense_Mutation,SNP,+,GTACAATTGCTAAATAAAACAATGGGCTACAGTGGGCTGTA,KIRC
CSMD3,8,113349868,113349868,C,A,Nonsense_Mutation,SNP,+,ATTCAAGAAGGGGAAATAGATTTCATATCTTAACGGGGGGA,KIRC
KDM5C,X,53245075,53245075,T,A,Nonsense_Mutation,SNP,+,AGAAGTGGAGAAGGATGGTGAACATGGGAGGAGGGAGTTAG,KIRC
SYTL2,11,85409119,85409119,T,A,Nonsense_Mutation,SNP,+,GTAAAAGGTAATGGAATCATGACATCTACACAAGCTGTCTT,KIRC
AIM1L,1,26664087,26664087,C,A,Nonsense_Mutation,SNP,+,CACCTATTAATCCCATCTACTCGAGAGGCTGAGGCAGGACA,KIRC
FBN2,5,127609608,127609608,A,T,Nonsense_Mutation,SNP,+,ATATAGTCAGAGAATTTTGACTTTTAAAAGCATGATAATAT,KIRC
RSF1,11,77412360,77412360,A,T,Nonsense_Mutation,SNP,+,CCACCTAGCATTCTTCCTGGAGCATTAGAATTAGAACCTGG,KIRC
FKBP11,12,49315838,49315838,T,A,Nonsense_Mutation,SNP,+,TTGTGGGAAACCATCTGAAGCTTCTCCAAAGAGTAACTTTT,KIRC
SLC24A4,14,92958092,92958092,C,T,Nonsense_Mutation,SNP,+,CCAACCACCCTGTGTTCTTGGTGGGATGGAGAGGTGCTCTA,KIRC
FBN1,15,48782117,48782117,C,A,Nonsense_Mutation,SNP,+,TGAGTGTTGCCACTTGGAAGAGGCTCTATGGGTATCTGAAT,KIRC
ZNF841,19,52570738,52570738,C,A,Nonsense_Mutation,SNP,+,GTGGGGTCCACAAGATCCCAGCACCAGGCAGAGAACTCGGC,KIRC
FAM209A,20,55101052,55101052,C,T,Nonsense_Mutation,SNP,+,TTGCTTATACAGGGGCAAAACAATTTGAATAGCTGTATAAA,KIRC
TTN,2,179634604,179634604,C,A,Nonsense_Mutation,SNP,+,GTTGAACTAATTTACACTCCCACCAACAGTGTAAAAGCGTT,KIRC
MTF1,1,38323150,38323150,C,A,Nonsense_Mutation,SNP,+,ATTAGAAAGTTTTTGGCATTTCAACCGTCTACCATATATCC,KIRC
NOL6,9,33467191,33467191,C,A,Nonsense_Mutation,SNP,+,CAGGACGGAGCCATTCGGGAAGCTGTGGTCTGGGAGGCAGC,KIRC
BTG2,1,203276485,203276485,T,A,Nonsense_Mutation,SNP,+,CCCTGTTTGTGAAGTTGATCTTTCTCTCCCATGGGCTTGGT,KIRC
COL13A1,10,71692319,71692319,G,T,Nonsense_Mutation,SNP,+,CTGTGTCATTAAAGGCCCCAGGTGGAGCTGGAGCCCCGACT,KIRC
HIF1A,14,62200986,62200986,T,A,Nonsense_Mutation,SNP,+,AGCTGATAGGCAACTTCAGCAAAGTCTCAGTATACAAAATC,KIRC
C2orf71,2,29295855,29295855,G,A,Nonsense_Mutation,SNP,+,TGGGGGACAGCCATCTTTTATGGGCTAAAAGTCAACCCTTA,KIRC
CCNH,5,86695281,86695281,C,A,Nonsense_Mutation,SNP,+,TAGAGATGTTTGGGAGGGAGTGGGGATTGCAGAGCTACCAG,KIRC
FMR1NB,X,147088242,147088242,C,T,Nonsense_Mutation,SNP,+,AGGGAGACTACTACCCTGAAGGGTGAGTCCCAGGCCAGGCA,KIRC
IL19,1,207014376,207014376,C,T,Nonsense_Mutation,SNP,+,CCATGCAAAACAGTCTGATCTCTATCCTGTGAGCAGTGGAG,KIRC
DTNB,2,25754451,25754451,T,A,Nonsense_Mutation,SNP,+,CACGGTCCTCTAACACTTTTCCTCTCCTTCTTCTCACCCCC,KIRC
GRM6,5,178416292,178416292,G,C,Nonsense_Mutation,SNP,+,TCTTTGCGCATCTCTAAGACTGAACCTCTCAACAACCCGGA,KIRC
GCM2,6,10874533,10874533,G,A,Nonsense_Mutation,SNP,+,GAGAAGCTTTGATTTCACCAACAAACAGCATGGCTGGAAAC,KIRC
LAMA2,6,129371200,129371200,C,T,Nonsense_Mutation,SNP,+,GCCTCATTCATATTTTTCATCTGCCAACACGTAACTTAGGC,KIRC
COL21A1,6,56035909,56035909,G,A,Nonsense_Mutation,SNP,+,TACGAACAATTAAAAAAAAATCCTATGGGAGCATCTTTACT,KIRC
ST3GAL3,1,44386570,44386570,T,A,Nonsense_Mutation,SNP,+,CTTCATGCCATAGAAGAAATTTAAAAAAACATGAATTAAAT,KIRC
POLN,4,2214836,2214836,T,A,Nonsense_Mutation,SNP,+,CAGCACACATATCCTAAGTTTAGTTTAGGTCAAAATTTCAC,KIRC
KLF9,9,73027946,73027946,C,A,Nonsense_Mutation,SNP,+,CCATAGTATAATTATTAAAATCAGAAAATTAACATTGATAA,KIRC
BAP1,3,52443574,52443574,G,A,Nonsense_Mutation,SNP,+,CACCCTCTTCCTGCCACATCCTACTGCCCCCATTACCTCCA,KIRC
AASS,7,121766489,121766489,T,A,Nonsense_Mutation,SNP,+,TGCTTTTAGTAACCACATGAAAGTTATTGCTAATAATGACT,KIRC
SPTAN1,9,131371420,131371420,C,T,Nonsense_Mutation,SNP,+,ACTGCAATGCCAGGCTAATTAAAAAAAAAAAAATTTGTAGG,KIRC
ATM,11,108106450,108106450,A,T,Nonsense_Mutation,SNP,+,TTAAAAATTTATAAAATTTAATAAAAAACTTTGCTATGAAT,KIRC
DNAH7,2,196750888,196750888,G,A,Nonsense_Mutation,SNP,+,GATTCTACCTGCCCCAAGGCACCCTTTTTGGGTGCTGGAAA,KIRC
MCM2,3,127337930,127337930,G,T,Nonsense_Mutation,SNP,+,ACCACCATCAGACTCCGCGGCGGAAGTTGCTTCCTTACAAA,KIRC
TRBC2,7,142498874,142498874,G,T,Nonsense_Mutation,SNP,+,TATAGATCTGGAGACTGAGAAGTCCAAGATAGAAGGGCAAT,KIRC
SHMT1,17,18243556,18243556,G,T,Nonsense_Mutation,SNP,+,TAGGTGAGGATCCACAGACTCAGGCAGGGGTAAGTCAGCCA,KIRC
BAP1,3,52441304,52441304,G,A,Nonsense_Mutation,SNP,+,CCCCTCGCCCGATGGTGGCTCGAACCATGTCACTGTCAGCC,KIRC
AASS,7,121753716,121753716,C,A,Nonsense_Mutation,SNP,+,TGAGAGGAGCTAAACTCACCCTCTTAGGACCTGGGTGAGAA,KIRC
HOOK3,8,42821725,42821725,C,T,Nonsense_Mutation,SNP,+,CCACCGTGCCTGGCCTACATCATCTTTTTTTTTTTTTTGCT,KIRC
PZP,12,9307376,9307376,G,A,Nonsense_Mutation,SNP,+,ACAGGACTGATAATGCATCTCTCCCAAGTCCCCATCTCATC,KIRC
TBC1D4,13,75936707,75936707,T,A,Nonsense_Mutation,SNP,+,ACAGCATGGTTACTATGAGTCTATAATTTAGCATGGCCTAT,KIRC
RASGRP4,19,38904046,38904046,A,T,Nonsense_Mutation,SNP,+,AGAGAGTCTTGCCCTGTCGCCCAGGCTGGAGCGCAGTGACA,KIRC
PTPRS,19,5214437,5214437,G,A,Nonsense_Mutation,SNP,+,CAACAGAGGCACGGAGACCTACGGCTTCATCCAGGTCACGT,KIRC
TRPM3,9,73479383,73479383,A,T,Nonsense_Mutation,SNP,+,TGCACAAAGAATTGAAATTTACTTTATAGAAAGAACATTCA,KIRC
WNK3,X,54319687,54319687,A,T,Nonsense_Mutation,SNP,+,TTACTTTCCCCTTGCTAAATGTGAAGTGGAGTTTTGAAGAT,KIRC
FMNL1,17,43323619,43323619,G,T,Nonsense_Mutation,SNP,+,CGGCCCGCAGTCATCCGGAGGCTCCAACGTCTGTCTCCCTG,KIRC
FLG2,1,152330075,152330075,G,A,Nonsense_Mutation,SNP,+,CATTGTTTTCTCTATATCTGTCTATCTCTCTCACATACATT,KIRC
RBM44,2,238733023,238733023,C,T,Nonsense_Mutation,SNP,+,AAAATCTAGGTGACTCTGGGTTTGGCAATGAGTTTTTAGAT,KIRC
VHL,3,10191485,10191485,G,T,Nonsense_Mutation,SNP,+,GTGAGGTTGAAGAGCCGGGCAAAGGTAGACCATGCAGGGCC,KIRC
DPEP3,16,68009728,68009728,G,T,Nonsense_Mutation,SNP,+,CAAAAAAAAAAAGAAAGAAAAGAAAAAGGTGGTTGGAGAAG,KIRC
GOLGB1,3,121415881,121415881,C,T,Nonsense_Mutation,SNP,+,AGCTTCTGGTGTCTCTATGGGAGTAAACAAATCTCCTAGCA,KIRC
TEX11,X,69871375,69871375,G,A,Nonsense_Mutation,SNP,+,ACAGCCTATTGTGGGACCTTGGGATTGTATAAGTTAATACT,KIRC
WDR11,10,122661797,122661797,G,T,Nonsense_Mutation,SNP,+,TGGGGCAAATGGTTGTTGATACTCTCAACTTCCAGGTGTTC,KIRC
TAS2R50,12,11139225,11139225,C,A,Nonsense_Mutation,SNP,+,AGGTTTTATTACTCTCTGTATGTTATATTCCCCAATAAAAA,KIRC
EP400,12,132497632,132497632,C,T,Nonsense_Mutation,SNP,+,CTCAGCTCATCTGGACAGGGGCAGGAGGCCTGGGGGCACTG,KIRC
IGHG4,14,106091290,106091290,T,A,Nonsense_Mutation,SNP,+,TTAGGGCTCCATCAGTACCTCTGGAATAATGGTTTCAGTGG,KIRC
SYCP1,1,115489894,115489894,G,T,Nonsense_Mutation,SNP,+,CCATTGTATGGATAGACCACAGTTTGCTTATCCATTTGCCT,KIRC
SLC35F3,1,234454501,234454501,T,A,Nonsense_Mutation,SNP,+,TCTACCATTGCTGCTCATGGCCGGTCTTCTTTGACCTGGAC,KIRC
SIAH2,3,150460186,150460186,G,C,Nonsense_Mutation,SNP,+,AAGTCATTATTAACAGGTCTTTAAGGAGTATTTTGAACTGT,KIRC
TMEM130,7,98457932,98457932,G,A,Nonsense_Mutation,SNP,+,CCTTCTTGGGAAGAAGATGGCTATCACTGATGTCCTTCTCT,KIRC
LRMP,12,25232338,25232338,T,G,Nonsense_Mutation,SNP,+,TAAAGGGCCATATGGGTCTTTGTCACAAAGTCTTGGGTTTT,KIRC
SLC6A14,X,115576198,115576198,G,T,Nonsense_Mutation,SNP,+,AAGACTCCCTCAAACTTACTGTCAAAATACCTAAACGTAAA,KIRC
TNPO2,19,12813709,12813709,G,A,Nonsense_Mutation,SNP,+,CAGAGTGAGACTTCGTCTCTCAAAAAAATAAAATAAAATAA,KIRC
ZNF45,19,44418057,44418057,G,A,Nonsense_Mutation,SNP,+,TCGCTGAGCCTAAAATGTAAAAGGGTCTATTTTCTCACACT,KIRC
ZBTB41,1,197169167,197169167,G,T,Nonsense_Mutation,SNP,+,TTCTACTTTAGGAGATACTACTAAGTAGTTTTTTCAAAGTA,KIRC
NF2,22,30067836,30067836,C,T,Nonsense_Mutation,SNP,+,TTAGTAGAGACAGGGTTTCACCATGTTGGCCAGGCTGGTCT,KIRC
KRT19,17,39680198,39680198,G,A,Nonsense_Mutation,SNP,+,TGTCTGGCTCCAGGGCCTGAGAACTTAGCTCTTCTTCTAGG,KIRC
MEIS1,2,66667009,66667009,G,T,Nonsense_Mutation,SNP,+,TTTGAAGTACGCAGTAAAGCATATTATGCACAACACACAGT,KIRC
AKAP6,14,33293956,33293956,C,T,Nonsense_Mutation,SNP,+,GCACAGCAGGTTGCCTACACTATTTAATAAATGTTGTCTTG,KIRC
PCNXL2,1,233150461,233150461,G,T,Nonsense_Mutation,SNP,+,AATATTCTGATTCTCTCACGTTGCTCTTCCCTACCTTGTAT,KIRC
PBRM1,3,52643360,52643360,C,A,Nonsense_Mutation,SNP,+,ACCAAGTTTCTAAGCTTTTTATCTTATCTCTGGATAGGACT,KIRC
GDF11,12,56142619,56142619,C,G,Nonsense_Mutation,SNP,+,GAGGAGCTGTGGCTGTAGCTGTGGCTATGAGCTTCCACTCC,KIRC
ANKS1B,12,99223072,99223072,G,T,Nonsense_Mutation,SNP,+,GAAACTGTGAGGCCAATTCTAGGAAAAATGCAAACATACTT,KIRC
TADA2A,17,35836946,35836946,C,A,Nonsense_Mutation,SNP,+,CCCCATCTCTACTAAAAATACAAAAATTAGCTGGGCGTGGT,KIRC
DNM1L,12,32884434,32884435,-,A,Nonsense_Mutation,INS,+,TGAGATGGAGTCTCACTCTGTTGCCCAGGCTGGAGTGCAAT,KIRC
SSFA2,2,182757372,182757372,G,A,Nonsense_Mutation,SNP,+,CTTTGCAATATTTCAAAGTATTCTTTCCAATGAAAACAAGC,KIRC
YTHDC1,4,69188621,69188621,C,A,Nonsense_Mutation,SNP,+,TTTAATATTTTTTCTTGTACCATTTTTAATATTTTATGAAT,KIRC
PAH,12,103240687,103240687,C,A,Nonsense_Mutation,SNP,+,TTGGGAAATGTTGCAAAAAATATAATATTGGAGTGAATTTT,KIRC
MTUS2,13,29599346,29599346,G,T,Nonsense_Mutation,SNP,+,ATCTTGTCTCCATTGACTTGTCTTAGCCACTCTGGATCAGC,KIRC
STRN3,14,31376115,31376115,A,T,Nonsense_Mutation,SNP,+,CAGAAAAAGGTTAAATAACTCATCCAGGTTTACACAACTAA,KIRC
TBX4,17,59560318,59560318,C,A,Nonsense_Mutation,SNP,+,CGACATGGTAAAACCCCATCTCTACAAAAAAATACAAAAGT,KIRC
CNKSR3,6,154743778,154743778,C,T,Nonsense_Mutation,SNP,+,ATTTAAAATATTTCAACAAACTCAAACACTTATGTCTATTT,KIRC
DTNBP1,6,15627643,15627643,C,A,Nonsense_Mutation,SNP,+,TTCCTGCACTGAATATTAAGTTGTTTCTTTTCTAAAAATGA,KIRC
PSKH2,8,87060713,87060713,G,T,Nonsense_Mutation,SNP,+,AGTTGTAAAATTGTGATGATCGGTTTTTAAATATTCATGTA,KIRC
PBRM1,3,52661377,52661377,T,A,Nonsense_Mutation,SNP,+,ATTCCTCATATCTGCACTATACCTGACATGTAGGTGCTGAT,KIRC
DSG4,18,28972163,28972163,C,T,Nonsense_Mutation,SNP,+,TGTATAAAAGCCTTTCATTTTATTTGTATTTGTAACTAATG,KIRC
SLC14A2,18,43212331,43212331,G,T,Nonsense_Mutation,SNP,+,ACAGTTGAAAAACATTAGCACATGTCACCATTTCGGGGACC,KIRC
EMR3,19,14755050,14755050,C,T,Nonsense_Mutation,SNP,+,TGTGGTCACTGGGCCACCACAGGCTGCAGCACAATAGGCAC,KIRC
SLC9A1,1,27440753,27440753,G,C,Nonsense_Mutation,SNP,+,GTCTGAGTTATAGAATGCATTTTAGTGTTAGAGAGATTTTT,KIRC
RBM28,7,127961369,127961369,T,A,Nonsense_Mutation,SNP,+,CTGGATCTAGATCTTACTATCATACAGCTTTATTTGTAAAG,KIRC
CUL1,7,148454216,148454216,C,T,Nonsense_Mutation,SNP,+,TCACAAAATGACTGAGTTTTTTTGACAGTAATTCATGAATC,KIRC
AVPR1A,12,63543859,63543859,G,T,Nonsense_Mutation,SNP,+,GTAATTAATAAAACAGTGCTTAAAGCACAAGGGATATGCTA,KIRC
UBR1,15,43281101,43281101,C,A,Nonsense_Mutation,SNP,+,TGTGGAATGCAGCAACTGCTCCAGAGAAGTCCACAGGTGGG,KIRC
PBRM1,3,52621446,52621446,C,A,Nonsense_Mutation,SNP,+,CAGAGCTGGGGCGCAGTGGCTCACGCCTGTAATCCTAGCAC,KIRC
ZNF117,7,64439363,64439363,C,A,Nonsense_Mutation,SNP,+,CACCACATTTGTAATAGCTTACTTTCAATTTGCTTTTTTTT,KIRC
RBL2,16,53495738,53495738,G,T,Nonsense_Mutation,SNP,+,TCATCCAGGCACAAAAGCATAATTTTACAAATACTCTCATT,KIRC
JAG1,20,10627597,10627597,G,T,Nonsense_Mutation,SNP,+,ATTAAAGATAATTTTATCCATTCAAGTCCCCTCTGTTAAGC,KIRC
EML4,2,42472705,42472705,C,A,Nonsense_Mutation,SNP,+,TAGTTTGAGACCAGCCTGTGCAACGTGGTGAAACCCTGTCT,KIRC
DYNC2H1,11,103093809,103093809,T,G,Nonsense_Mutation,SNP,+,GTGTACAATTCAATGAATTTTGACAAGTATATATACTATTA,KIRC
TTC12,11,113230094,113230094,G,T,Nonsense_Mutation,SNP,+,GCTATTTTCTTTTCTTTTTCTTTTTTTTTTTAATTATACTT,KIRC
MFN1,3,179096586,179096586,C,A,Nonsense_Mutation,SNP,+,TTCCTGACAAGGACCCCAGAGAATAGTGCAGACAAATTGCT,KIRC
MAP3K1,5,56160679,56160679,T,G,Nonsense_Mutation,SNP,+,ATGAGCAAACTTGCAAATACTGACAACCTCCTGGTATAATC,KIRC
PTPN3,9,112172526,112172526,G,A,Nonsense_Mutation,SNP,+,AGATGAAATCAATAGACTTGATGGTTGCTTGAAACCTTGAA,KIRC
MAGEE1,X,75650469,75650469,G,T,Nonsense_Mutation,SNP,+,ACAGGATCAAATTCACACATAACAATATTAACCTTAAAAAT,KIRC
STK17B,2,197002269,197002269,C,A,Nonsense_Mutation,SNP,+,ACATGCATTATCTCAAATACTGTTTTCTCCTAATCACAGTT,KIRC
BAP1,3,52437168,52437168,T,A,Nonsense_Mutation,SNP,+,GCCCCAGGCAGGGGAGGGGGCTGTGCCCTGGGCCCAGGACT,KIRC
ZNF184,6,27420046,27420046,G,C,Nonsense_Mutation,SNP,+,ATTTGAGCAAAGATTGACAGGCAATAAAGCATTTGTCCATG,KIRC
C7orf55-LUC7L2,7,139086943,139086943,A,T,Nonsense_Mutation,SNP,+,ATGAAGACATACCTGAGACTGGGTAATTTATAAAGAAAAGA,KIRC
KRTAP19-2,21,31859596,31859596,G,T,Nonsense_Mutation,SNP,+,GACTACAAATTGGGTTCAGTGTATAGTGTTCAGGTAATAGG,KIRC
FLT1,13,28913320,28913320,C,A,Nonsense_Mutation,SNP,+,AATAAAATTCAACATTCCCTCATGTTAAAAACTCTCAATAA,KIRC
GGNBP2,17,34937813,34937813,C,T,Nonsense_Mutation,SNP,+,CTTTGTATATAATTTGGGTACAAGTGCTTTTTCAGATATAT,KIRC
PDHB,3,58416621,58416621,G,A,Nonsense_Mutation,SNP,+,CTCAAAAACAAAAATGGTGTAATCCCTAGGCTCAGAGTCCT,KIRC
TXNDC5,6,7883469,7883469,G,A,Nonsense_Mutation,SNP,+,ATCTTTAATGATGTCATTTTGAATTCAGAAGTGAACACACA,KIRC
USP9Y,Y,14850172,14850172,A,T,Nonsense_Mutation,SNP,+,CCATATTTTCTCTGTTTTTTTGTATAGTAAACACCTATATT,KIRC
CCDC81,11,86097137,86097137,C,T,Nonsense_Mutation,SNP,+,CAAAATAAAAATTTAAAAATTAGCTGGGCATGATGGTGTGC,KIRC
ABCC9,12,22063879,22063879,C,A,Nonsense_Mutation,SNP,+,TGGTCTAAAACTCCTGAGCTCCAGGGATCTGCCTGCCTCCG,KIRC
FBXO42,1,16577186,16577186,G,C,Nonsense_Mutation,SNP,+,TTGCCATGGCAGGCTCGCAACACACAAGTATTTATCAAGCA,KIRC
PLXNA1,3,126733641,126733641,C,A,Nonsense_Mutation,SNP,+,AGGGTGTCCAGGATTTGCACCCAACCTGCCTAACTCTAAAG,KIRC
KCTD7,7,66103318,66103318,C,G,Nonsense_Mutation,SNP,+,TATAAAAAATTAGCCAGGCATGGTGGCACATGTCTGTAATC,KIRC
AHNAK,11,62290074,62290074,T,A,Nonsense_Mutation,SNP,+,AGGAATTTATCCATGTCTTCTAGATTTTCTGGTTTATTTGA,KIRC
SLX4,16,3641170,3641170,C,T,Nonsense_Mutation,SNP,+,GGGTGGCTGCTGGTCAGGGCCACGCCCCCCACAGCGTGGAG,KIRC
VHL,3,10191488,10191488,C,T,Nonsense_Mutation,SNP,+,GAGGTGAGGTTGAAGAGCCGGGCAAAGGTAGACCATGCAGG,KIRC
SETD2,3,47127736,47127736,C,T,Nonsense_Mutation,SNP,+,CCCGAGTAGCTGGGATTACAGGCACGCACCACCATGCTCGG,KIRC
PBRM1,3,52597493,52597493,G,A,Nonsense_Mutation,SNP,+,TTCTCAAGAACCTTATAGATCTGCTGTGTATTACACAGGGA,KIRC
PKHD1,6,51612746,51612746,G,T,Nonsense_Mutation,SNP,+,AATGCAGTCTCACCCATCCAATTTTTTTTATTGGATAGTGA,KIRC
JAK2,9,5126444,5126444,G,T,Nonsense_Mutation,SNP,+,TTAAAAAAAAATTGTTACCTCATCTGGGCATCCATCTGGTC,KIRC
TBCD,17,80765530,80765530,G,A,Nonsense_Mutation,SNP,+,CGCCAGTCCAAACCTTACAGGCGTGTGGTGTTAGATGAGTG,KIRC
ADAMTS19,5,128984589,128984589,G,A,Nonsense_Mutation,SNP,+,AGGGTGGGAGAGAGAGGTGAAGACTGAGAAATTACCTATTG,KIRC
SCML1,X,17763603,17763603,G,T,Nonsense_Mutation,SNP,+,TTTGCCTGTGACCTGCTTTGATCAACATATCGTGTATTTTT,KIRC
AKAP4,X,49957227,49957227,T,A,Nonsense_Mutation,SNP,+,GCTCACTGCAGCCTCCACCTCCGGGGTTCAAGCAATTCTCA,KIRC
NR1I2,3,119528962,119528962,C,A,Nonsense_Mutation,SNP,+,GTGACAGAGTGAGACTCCATCTCAAAACACAAACCAATTCT,KIRC
SETD2,3,47164730,47164730,T,A,Nonsense_Mutation,SNP,+,GAGCTCGGCCTCCGAGCAATCCCCCGCCTCGCTGGGCTTCC,KIRC
C6orf58,6,127902329,127902329,T,G,Nonsense_Mutation,SNP,+,TTTATTTTTTTTTTTTTTTTTTTTTGAGACAGAGTCTTGCT,KIRC
PPP2CB,8,30651536,30651536,G,T,Nonsense_Mutation,SNP,+,TCTCAAACTCCTGGCCTCAAGCAATCTTCCTACCTCAGCCT,KIRC
C11orf42,11,6231320,6231320,C,T,Nonsense_Mutation,SNP,+,TTCATAGTCTTTGCCCCAAAAGCCCGACTTTGCCCTCATAT,KIRC
DPP10,2,116510751,116510751,G,T,Nonsense_Mutation,SNP,+,TTCACTTCCCACACAGGCAGATCTCCAGGCATTTAGAGCAC,KIRC
TSSC1,2,3217940,3217940,C,A,Nonsense_Mutation,SNP,+,CCGGACTCACGTGTATTTAGCATAGCTTATGAGGGGTTGGG,KIRC
ARL9,4,57384876,57384876,G,T,Nonsense_Mutation,SNP,+,TAGAATTTCCAGTTTTTTTGCTCTGTTTTTTCCCCATCTTT,KIRC
TTN,2,179631234,179631234,G,A,Nonsense_Mutation,SNP,+,AACACTTCTTCCTTCATTTCAACCTTGTTGAATCTGACAAT,KIRC
SETD2,3,47098903,47098903,A,T,Nonsense_Mutation,SNP,+,AGTGCTGTTTGGGAATTCCTGCTCTACTTATTGAACAATTT,KIRC
MAP3K1,5,56152549,56152549,T,A,Nonsense_Mutation,SNP,+,TAACCTCTCCTGCTCTCATTTTAGCCTTGACAGGAAGAGTG,KIRC
SDK1,7,4152925,4152925,C,T,Nonsense_Mutation,SNP,+,TCTCACAACTTCAACCACCAACCAGACACTGGCAACACCTG,KIRC
TCP11,6,35086231,35086231,G,A,Nonsense_Mutation,SNP,+,CAGACACAGACACAGGGATGGCGCAGTTACTGGGGGCTGCC,KIRC
AKAP3,12,4747326,4747326,C,A,Nonsense_Mutation,SNP,+,TACAAAAATAATAGTCACAAAGAATGAATAAGACAAATAAG,KIRC
PBRM1,3,52610695,52610695,G,A,Nonsense_Mutation,SNP,+,CCACCCACCTTGGCCTCCCAAAGTGTTGGGATTACAGGCAT,KIRC
CENPE,4,104097155,104097155,C,A,Nonsense_Mutation,SNP,+,CCATGAGCATTAGATGTTTTTCCATTTGTTTGTGTCTTCTC,KIRC
ATM,11,108199913,108199913,A,T,Nonsense_Mutation,SNP,+,ACGTTGTGTATGAAGAAGAGATAGGAGCCAGGAAGAGAGAA,KIRC
SPHKAP,2,228882779,228882779,C,A,Nonsense_Mutation,SNP,+,CTTGATCACTTAGCCTTTATGCTCCACAAAATCTGAATTTG,KIRC
C3orf58,3,143691275,143691275,C,A,Nonsense_Mutation,SNP,+,GAGGTCAAGACCAGCCTGGAAAACATGGGGAAACCCTGTCT,KIRC
PILRB,7,99956460,99956460,G,A,Nonsense_Mutation,SNP,+,CTCTCACCCAGGCTGGAGTGCAGTGGCGTGATCTTGGCTTA,KIRC
C8orf34,8,69621309,69621309,C,G,Nonsense_Mutation,SNP,+,AGCAACCCTTTCGTCTCTCTATTGTTTATTCCCACAGGCCT,KIRC
OR4X1,11,48286316,48286316,G,T,Nonsense_Mutation,SNP,+,GGGTGGGGGGAGTGAGGCGGGATAGCATTAGGAGATATACC,KIRC
ZNF830,17,33288728,33288728,T,A,Nonsense_Mutation,SNP,+,TGTGTGTGTGTGTGTGTGTGTGTGTGTGTGTGTCAGAGAGA,KIRC
IDH3B,20,2644188,2644190,GGA,-,Nonsense_Mutation,DEL,+,TTCACCATGTTGGCCAGGCTGGTCTCAAACTTCTGACCTCA,KIRC
POLR1B,2,113310370,113310370,C,T,Nonsense_Mutation,SNP,+,TGGGCAAGAGGGATACTTGGCATCCTGGCTGCTCCATCTTG,KIRC
PLSCR5,3,146311712,146311712,G,A,Nonsense_Mutation,SNP,+,AACATTGTGTGGGAAGTCTTAGCCAGAGCAATTGGGGAAGA,KIRC
ANK2,4,114264182,114264182,G,T,Nonsense_Mutation,SNP,+,AATATTCAATACACTGTGCTGAGAGGAATAGTTAACCAGAA,KIRC
F2R,5,76028201,76028201,A,T,Nonsense_Mutation,SNP,+,GTGATCCAGAGAGACAAAAACAAATATGGGGGGCCCTATGG,KIRC
RLIM,X,73812687,73812687,C,A,Nonsense_Mutation,SNP,+,ATATAGCCTTTCCAACCAGTGAAAGTGTCAACATTCCCACA,KIRC
NEBL,10,21124510,21124510,C,A,Nonsense_Mutation,SNP,+,CTAATGAGCCTGAAGTGGTTGGTTTCATTGCATTAGGGTCT,KIRC
LACRT,12,55026040,55026040,C,A,Nonsense_Mutation,SNP,+,GAAATTTCTGAAAGTGAAAGAGCATGCTAAAAATAAGTCTA,KIRC
LAG3,12,6886962,6886962,C,T,Nonsense_Mutation,SNP,+,CCCAGGCTGGTCTTGGACTCCTGAGCTCAAACAATCCACCC,KIRC
ZSCAN1,19,58549265,58549265,G,T,Nonsense_Mutation,SNP,+,CTACAGGCTTCATCCTACAGCTATAGTTCCTTGGGACAGGC,KIRC
SCARB2,4,77084506,77084506,G,A,Nonsense_Mutation,SNP,+,CAGGACTTTTTCCTAATCCAGGAGAAAATCAACAGAAGTCT,KIRC
NR4A3,9,102590586,102590586,G,T,Nonsense_Mutation,SNP,+,CTTTGACCCAATGATTTATGATAGATATAAATATGGATAGA,KIRC
COPS2,15,49420221,49420221,G,A,Nonsense_Mutation,SNP,+,GAAATGCTGTAATGAATAAAGACAAAATATGTCATTTTATA,KIRC
NRBP2,8,144920929,144920929,G,A,Nonsense_Mutation,SNP,+,GCTAGCAGCAGAAGTTAATGTAAAATGGCTTGAGGAGGAAT,KIRC
BRS3,X,135570317,135570317,C,A,Nonsense_Mutation,SNP,+,AAGTCAAGGTGCTGCACATAAAACCAAACATGGAACATTAA,KIRC
RPGRIP1,14,21796727,21796727,C,T,Nonsense_Mutation,SNP,+,AGAGGAGGTTGCGGTAGGATGTGGAGATACCTACTTTGGTA,KIRC
FBN3,19,8194141,8194141,G,C,Nonsense_Mutation,SNP,+,GGAAATGAGTGCGGGAGGGAGGCCAGGGCTGGGCCAGCAGA,KIRC
MPC2,1,167893736,167893736,C,T,Nonsense_Mutation,SNP,+,AAATAGTAAAATGTTCCATTAAAATAAAAAGACTTCCTTTT,KIRC
ABCA4,1,94476403,94476403,G,T,Nonsense_Mutation,SNP,+,TATAGGTGCCTACTACATATCATAGTCAATGCAAGAGGTAA,KIRC
TRIP12,2,230642131,230642131,G,T,Nonsense_Mutation,SNP,+,TAAAGATGTGTCCACCTCCAAACCAACGACTTATGGAGGAT,KIRC
ISL1,5,50685530,50685530,C,T,Nonsense_Mutation,SNP,+,TCATTTGGGAATTGCTAAGTTTACTCCTGACTCTAGAGATG,KIRC
PRPF38B,1,109238749,109238749,C,T,Nonsense_Mutation,SNP,+,AGTAAAGGGTTTGTAGATTGCAGATGAAAGGCAGCAGGTAA,KIRC
C1orf112,1,169822055,169822055,G,A,Nonsense_Mutation,SNP,+,TATGCTGCTTGTCTTTCTGAAAAAATCAATTCTATCAGGGG,KIRC
ELFN2,22,37769171,37769171,C,A,Nonsense_Mutation,SNP,+,CCACCTGGTTGTGGCGCAGCAGCTCCTGGCCCTCCTGCTGG,KIRC
ATG7,3,11389435,11389435,G,T,Nonsense_Mutation,SNP,+,AAAAAAAAAAAAAAAAAAGCACTAACAAAACTTTCATAATG,KIRC
PCDHB13,5,140594887,140594887,G,T,Nonsense_Mutation,SNP,+,GCCCTCCCCATTTATACTCAGAAGGAATGCAGTCCAGGACA,KIRC
ITGA10,1,145530386,145530386,C,T,Nonsense_Mutation,SNP,+,TCCCATCTTATAGAAGGCACTAGGATTTTAAGTAACTTGCC,KIRC
ARID1A,1,27094308,27094308,G,T,Nonsense_Mutation,SNP,+,TCCAGTGGGTAATTGGGAATAGTGGTGAGAAAAGCTACTCC,KIRC
EPPK1,8,144943012,144943012,C,T,Nonsense_Mutation,SNP,+,AGACTGCCCCACAAGGAATGCTTTTAAAGGGAGTCCTGAAG,KIRC
ACSS3,12,81647354,81647354,C,T,Nonsense_Mutation,SNP,+,CATTATTTTTGGAAAATATATTTGCATATAAGACCATTTGA,KIRC
VHL,3,10188290,10188290,C,T,Nonsense_Mutation,SNP,+,TGTCCAGCTCCTGCATATCTAAATCCCTGTGGCAGGGCAGA,KIRC
TMEM31,X,102968576,102968576,C,T,Nonsense_Mutation,SNP,+,CCCATTTCCTATAGAATCAAGTATTATCTCTAAAATAGCAG,KIRC
ATP10A,15,25959134,25959134,C,T,Nonsense_Mutation,SNP,+,CTTCTAACCTTTAAGCTATGCTTTTTCATTCCTGGCCATAG,KIRC
TTC24,1,156553240,156553240,C,T,Nonsense_Mutation,SNP,+,TTACTCTGAGTGAGGAAGGAAGCCACGGGAGGGTTTTGAGC,KIRC
SETD2,3,47162024,47162024,G,A,Nonsense_Mutation,SNP,+,TGTTTTATGGTTTTACATGTTTTGGAGTTTTTATTTTTATT,KIRC
CDH2,18,25532271,25532271,A,T,Nonsense_Mutation,SNP,+,TTGTCCTTGAAATAATGTTTGGCAAGTACAAAAAAGCTACA,KIRC
JMJD4,1,227921679,227921679,C,T,Nonsense_Mutation,SNP,+,CGGGCACCGCTGGCCGTAGGTGCCACCGTGAGAAGAACTGC,KIRC
LYG1,2,99901199,99901199,C,A,Nonsense_Mutation,SNP,+,AGCACACCTCAGAAGAATTGAGGGGTAAAAAAGAGAAAAGA,KIRC
PCDH1,5,141242928,141242928,T,A,Nonsense_Mutation,SNP,+,GAGAATCGCTTGAACCGGGGAGGCGAGGTTGCAGTGAGCCC,KIRC
CAPN6,X,110494226,110494226,G,T,Nonsense_Mutation,SNP,+,ACTATGATGAAATAAATCAAAGAGTATCAAAACCAAGGGCA,KIRC
THBS3,1,155169611,155169612,CA,-,Nonsense_Mutation,DEL,+,TGTCTTCCCTAGGAGGCACCAGGCTGGCAGATGCCCACTGG,KIRC
UMODL1,21,43533907,43533907,G,T,Nonsense_Mutation,SNP,+,CAGTCTTCTATCATTAAGTATGATGTTAGCTGTGTGTTTTT,KIRC
CPB1,3,148559631,148559631,A,T,Nonsense_Mutation,SNP,+,TGCAAATCAAAACCACAACGAGATAGTATCTCACACCAGTT,KIRC
PPAP2A,5,54737724,54737724,A,T,Nonsense_Mutation,SNP,+,TCCATAAGAAAGAAAAATTAACTTTTTAATGTTATTAGAAG,KIRC
CHD7,8,61735246,61735254,GGGAGTCAA,TGAC,Nonsense_Mutation,DEL,+,TTGAAAAGTAATGTAGCAGGAGAAGCTGAGTGAGAAAAGAG,KIRC
SENP8,15,72432091,72432091,C,T,Nonsense_Mutation,SNP,+,AAATGGGCCAAAGATCTTAACAGACACCTCACTAAAGAAGA,KIRC
VHL,3,10191590,10191590,C,T,Nonsense_Mutation,SNP,+,AACACGTGTGCAAAGGTCCTTAGGCAGCAAACACTTGGCAT,KIRC
CPT1A,11,68575043,68575043,C,T,Nonsense_Mutation,SNP,+,AGCAAAATTAGAAGTGGGCACACACCACTTTTTCCATCCCT,KIRC
SAV1,14,51131954,51131954,C,A,Nonsense_Mutation,SNP,+,GAGAGCAGCAAAGATGGGTACCTGATCCTTCTTCTGGGACC,KIRC
MEP1A,6,46800830,46800830,G,A,Nonsense_Mutation,SNP,+,ATAGGGGAAAATCAGAATGGTGGTTGTCTCTTAAGGAGTGG,KIRC
CRAT,9,131864768,131864768,G,A,Nonsense_Mutation,SNP,+,CATAAGAGGCCAGGGGCCGGGCCCCGGCTTGCCTGGCTGCA,KIRC
SLC17A6,11,22397594,22397594,C,A,Nonsense_Mutation,SNP,+,AGCTCCTGTACCTGCCTAAAACTCTGTTTCCTTAATGAGTA,KIRC
AKIP1,11,8940960,8940960,T,G,Nonsense_Mutation,SNP,+,TTAGGACTCCCCTTCGGATAACAAAATCCACAGAGGTCCAA,KIRC
MTNR1B,11,92702959,92702959,C,A,Nonsense_Mutation,SNP,+,ATTTAACCACATTCTCTGGGCTGTTCCAAATTCTATGCATA,KIRC
MYO5C,15,52571772,52571772,C,A,Nonsense_Mutation,SNP,+,ATTATTATTATTATTATTTGAAACAGTTTTGCTCTTGTTGC,KIRC
GJB3,1,35250435,35250435,G,A,Nonsense_Mutation,SNP,+,AAGAAACAAAACAAAACAGAACAAAACAAAAAAAAAAAGAA,KIRC
AGO4,1,36319144,36319144,C,T,Nonsense_Mutation,SNP,+,TTGGCTTTGCTGGGCCCAGTGGTGGCTGTTGCTAGCTTCTT,KIRC
ZNF202,11,123598248,123598248,C,T,Nonsense_Mutation,SNP,+,CTGTATATGCTTCATGGCCTAAATATCAACTACAACTGTGA,KIRC
ASNA1,19,12848342,12848342,G,A,Nonsense_Mutation,SNP,+,CAGGCCTGAGCCACCGAGCCCGGCCGAGTTTAATATTTTAA,KIRC
PLEKHA2,8,38827144,38827144,C,A,Nonsense_Mutation,SNP,+,AGAAACACAACAGAGAAGATGCTACCCTTTAGGAGGGCAAG,KIRC
EXD3,9,140249170,140249170,G,T,Nonsense_Mutation,SNP,+,,KIRC
MOB2,11,1492592,1492592,G,T,Nonsense_Mutation,SNP,+,GCCACCTCAGCTTCTCCAGACTGCAGGCCCCATGTGGTTTC,KIRC
RIC8B,12,107209026,107209026,G,T,Nonsense_Mutation,SNP,+,TTCTATTTTGCTAACATTGTTGGCCTCAAAGAAAAGCCAGT,KIRC
MYF6,12,81101620,81101620,T,A,Nonsense_Mutation,SNP,+,TTTTAAATACATATTATGCATCGTTAAAGGAATGCAATGTA,KIRC
MYCL,1,40363241,40363241,G,A,Nonsense_Mutation,SNP,+,GATGAAGATTTAGATTTCTTTATATATACTCCCCCAGACTT,KIRC
KPNA4,3,160227602,160227602,C,A,Nonsense_Mutation,SNP,+,GAGTTACAAGTCGTAAGTTCTTATGTTTTGGATCATGTTGT,KIRC
DNAH9,17,11593688,11593688,C,T,Nonsense_Mutation,SNP,+,TAGGGATGGCTTTTCACCATATTGGCCAGCCTGGTCTCGAA,KIRC
ZMYM4,1,35870746,35870746,G,A,Nonsense_Mutation,SNP,+,ACATCCCAGAGGGGAAAGAATGGGAATGGATTATGAAGTAG,KIRC
DST,6,56357198,56357198,G,A,Nonsense_Mutation,SNP,+,TAGATACTGTTTTCTCTAATTTACGGATTATTCAGTGAAAC,KIRC
PODXL,7,131194125,131194125,C,T,Nonsense_Mutation,SNP,+,GGGCACAGTGGTTCATGCCTATAATCCCAGCACTTTGAGAG,KIRC
LRP1,12,57590881,57590881,T,A,Nonsense_Mutation,SNP,+,TCGGACCTGATGCTAATGCGAAAGCATTCTTACCGAATGGG,KIRC
EME2,16,1825398,1825398,G,T,Nonsense_Mutation,SNP,+,CTGGTGTTGGCACCAGCTGCGTCTTTCCTCAGAAATAAAGG,KIRC
ATP9B,18,76870367,76870367,G,A,Nonsense_Mutation,SNP,+,TGCATTAAAGCCTCATGAGAATAAAAATCTGGAGTGTATAG,KIRC
KPRP,1,152732829,152732829,C,A,Nonsense_Mutation,SNP,+,GCACATGCCTGTAATCCCAGCTACTTGGGAGGCTGAGTCAA,KIRC
JAK1,1,65344794,65344794,A,T,Nonsense_Mutation,SNP,+,GTGGTCCCTCCCTGGATCCCATGTTAACTAGCTGTTCTGCC,KIRC
ABCA13,7,48314125,48314125,C,G,Nonsense_Mutation,SNP,+,CACTGAATGTACAAGATATTCAACAAGTCAAAAGAATGGAA,KIRC
GIGYF1,7,100281055,100281055,T,A,Nonsense_Mutation,SNP,+,ATTTTTTTTTTTTTTTTGAAACGGAGTCCTGCTCTTGTCAC,KIRC
ABCB1,7,87196210,87196210,C,A,Nonsense_Mutation,SNP,+,GACAAAACACAGTGAAAAGACAACTTTGTGAAGATCTAATT,KIRC
ROCK1,18,18546995,18546995,G,A,Nonsense_Mutation,SNP,+,ACTTGCAGATTCCAGAAAAAGAGTGTTTCAAAACTGCTCCT,KIRC
ADAR,1,154574687,154574687,A,T,Nonsense_Mutation,SNP,+,AAATAAGCACAAATTTAAAAATTCCACACTGGCAAACAAAG,KIRC
SF3A3,1,38455225,38455225,G,A,Nonsense_Mutation,SNP,+,GAGTGCTTGGAGAGCTTGGCATGCGTTCCTTGGCACGTGAA,KIRC
CADPS,3,62388785,62388785,G,A,Nonsense_Mutation,SNP,+,TGCCCAGCAATAGATAAATGGATAAAGAAAATTGGTGTCTA,KIRC
ANK2,4,114232524,114232524,C,T,Nonsense_Mutation,SNP,+,TCAACTGTATTGCTGAAACGTTTCATGCAAATGCAATTCCC,KIRC
DOCK4,7,111379463,111379463,G,T,Nonsense_Mutation,SNP,+,GTTTTAAGGTGCCATATTATGAAATTTCATTTCACCATGTA,KIRC
GCC1,7,127224747,127224747,G,A,Nonsense_Mutation,SNP,+,CCCTTTACCCTTCCAATTATATGATTGTCTTATTTCTTTTG,KIRC
RNF139,8,125498660,125498660,T,G,Nonsense_Mutation,SNP,+,TGCACTTTGCTATTTTGTAAAGCTGGGCCCACCTGCAGAAC,KIRC
RALGAPA1,14,36143766,36143766,G,A,Nonsense_Mutation,SNP,+,ACCATAAAAACCCTAGAAGAAAACCTAGGCATTACCATTCA,KIRC
ZNF543,19,57838032,57838032,C,G,Nonsense_Mutation,SNP,+,ACAGGCATGAGGCACTGTGTCCAGCCAACTTAAAGTATCTT,KIRC
LYST,1,235971939,235971939,G,A,Nonsense_Mutation,SNP,+,TGGGCGGGTCTCCTCAAAGACAGTTCCAGAAGGGGCCACGT,KIRC
PAPD5,16,50261849,50261849,C,T,Nonsense_Mutation,SNP,+,GAGGAGCCCTGGGAGGGTCTGAGCAATTGGGCTGGCCACTT,KIRC
VHL,3,10191524,10191524,G,T,Nonsense_Mutation,SNP,+,AGTGGCTGAGGGGAATGACTGAGGGGGAAAGTGGTAGAGGT,KIRC
SLCO4C1,5,101592957,101592957,G,C,Nonsense_Mutation,SNP,+,CAACACCACGCCTGGCTAATTTTTGTATTTTCAGTAGAGAC,KIRC
PBRM1,3,52696199,52696199,C,A,Nonsense_Mutation,SNP,+,ACCATGAGTGCTGTTCTCCACCCAGATTGGGTACAATTGCT,KIRC
PBRM1,3,52637555,52637555,G,A,Nonsense_Mutation,SNP,+,CTGCAACCTCCACCTCCGAGGCTCAAGCAATCTTTCCACAT,KIRC
ARRDC1,9,140509445,140509445,C,A,Nonsense_Mutation,SNP,+,,KIRC
SLCO1C1,12,20890093,20890093,A,T,Nonsense_Mutation,SNP,+,AACCCCGTCTCTATTACAAATAAAAAAAATTAGCTGGGTGT,KIRC
PARN,16,14711480,14711480,G,A,Nonsense_Mutation,SNP,+,CACAGCATGTTTCTGATCATAAAACTGTGCTAGAAGTCAAT,KIRC
SAMD14,17,48193386,48193386,G,A,Nonsense_Mutation,SNP,+,AAGGGGAACCAGGCAAGAGAATTCCTCAATACAGATTCTGT,KIRC
SETD2,3,47164273,47164273,G,C,Nonsense_Mutation,SNP,+,GCCTGGACCCGCCGGGCAGTGTTCCGCTCTGCCCGTCCCGG,KIRC
DPT,1,168698362,168698362,C,T,Nonsense_Mutation,SNP,+,ACCAATTTTCTAATTTCCTTCTAAAACAATCTATGACCTCT,KIRC
WRAP73,1,3564112,3564112,G,A,Nonsense_Mutation,SNP,+,ATAGTCTGTAAGCAGGGCTGCCTCCTCTGCTGTTGTCAGGA,KIRC
USP40,2,234468567,234468567,G,A,Nonsense_Mutation,SNP,+,AGCTACAGGGAGAAAGTGAGTGGTGGATGGGGTGCAGGGGA,KIRC
MARCH10,17,60813347,60813347,T,A,Nonsense_Mutation,SNP,+,CTAGGTACTCTGGCAGGGATAAACAAATTGCTTAATTGCTC,KIRC
ETF1,5,137848455,137848455,G,A,Nonsense_Mutation,SNP,+,AATCTCGAAGCCCGATCATGCTTTAAAATCTCCAATTTTCA,KIRC
TP53BP1,15,43748191,43748191,G,T,Nonsense_Mutation,SNP,+,GCCACCATGCCCAGCCCCAAAATTCCTTTTTTAAACTAATA,KIRC
MMP11,22,24122848,24122848,G,T,Nonsense_Mutation,SNP,+,GCACACAATCAACAGGGCATGTGTATTGGAGTTGAGAAGAA,KIRC
VHL,3,10191593,10191593,A,T,Nonsense_Mutation,SNP,+,GGGAACACGTGTGCAAAGGTCCTTAGGCAGCAAACACTTGG,KIRC
SETD2,3,47139521,47139523,AGG,-,Nonsense_Mutation,DEL,+,CGAGAATGTATGATAGGAACGGGAATGTTAGGCCCAGGGGA,KIRC
RTL1,14,101350371,101350371,C,T,Nonsense_Mutation,SNP,+,TGTTCAAGCCCTTGTTGGAGACCTCTCCCTATCTCTCTATT,KIRC
TMOD2,15,52098676,52098676,C,T,Nonsense_Mutation,SNP,+,GTCTTTAAAAATGCTCAGATTTTTGTACTTTGAGAGGTAAG,KIRC
PMFBP1,16,72158692,72158692,C,A,Nonsense_Mutation,SNP,+,CTGATAAGAATTTTATTGGATTTATACTAAAATAAGCCCTT,KIRC
CCDC155,19,49912460,49912460,G,T,Nonsense_Mutation,SNP,+,TGGTGAACTGTTGGCCGGGCGCAGTGGCTCATGCCTGTAAT,KIRC
EDIL3,5,83402565,83402565,C,A,Nonsense_Mutation,SNP,+,AAGACACACAGTTAATAAAATCCAGTAGTCTGTCTCCAGAG,KIRC
CCDC40,17,78014007,78014007,G,T,Nonsense_Mutation,SNP,+,AACTACTCCAACATTTAGTAAGACAAGGCTGGTGCAGGAGG,KIRC
HACE1,6,105233140,105233140,C,A,Nonsense_Mutation,SNP,+,GTCATCAGCCTCAAAAATCAAAGGTAGATAAATCCACAAAG,KIRC
DMRT3,9,990589,990589,C,T,Nonsense_Mutation,SNP,+,CCTCAACGTGTCTGGGACTCGAAAGGCTGATCCCACAGACC,KIRC
COLCA2,11,111179126,111179126,T,A,Nonsense_Mutation,SNP,+,CCTCTCCCTCTTATGAGCTGTGTGGTCTCACATTTCTGCTC,KIRC
B4GALNT3,12,667220,667220,C,A,Nonsense_Mutation,SNP,+,ACCCTAGCAGTAAAGAACAATAGAAACCATTTCCACCCACA,KIRC
GAR1,4,110737330,110737330,C,T,Nonsense_Mutation,SNP,+,CTACTCAGGTCATATTAGAAAGTTAAACTTTGATGTTATAT,KIRC
MUC2,11,1092095,1092095,G,A,Nonsense_Mutation,SNP,+,GACTGTGTGACTGTGTGTGCTTGTGTGTCTGCCTCCATGCA,KIRC
ZNF132,19,58948571,58948571,C,T,Nonsense_Mutation,SNP,+,,KIRC
CENPL,1,173780412,173780412,G,C,Nonsense_Mutation,SNP,+,GACTGTCTTTGGTAGTCTCTTCACTGCCCCAACTCATTCTT,KIRC
USH2A,1,215848923,215848923,G,T,Nonsense_Mutation,SNP,+,CTTCTGTTTCTTAGATGGTTCACTGACTTAGGAAGAGTACA,KIRC
ZBTB44,11,130131008,130131008,A,T,Nonsense_Mutation,SNP,+,AGTCAACCCGGCAGCACTGAATGCCAGTGTGGAGTCTGGCA,KIRC
SLC22A9,11,63175623,63175623,T,A,Nonsense_Mutation,SNP,+,AGCACAAACGATGAAAGGAAAAATATACAAATAGGACATCA,KIRC
CCNB2,15,59408907,59408907,A,T,Nonsense_Mutation,SNP,+,AACTCACTGCCTTCAGACCAGCCAGATTACATTTTTAAATC,KIRC
PBRM1,3,52643533,52643533,G,T,Nonsense_Mutation,SNP,+,GTGACCAAAAGCTCTCTAGGACCAGCCCTGGTCTGTTCTTC,KIRC
SLC22A7,6,43272449,43272449,C,T,Nonsense_Mutation,SNP,+,TGTGTTTGAAAACTCAGCCGCCTTCTCAATGCTGGATCTCC,KIRC
SAMD4A,14,55218223,55218223,G,T,Nonsense_Mutation,SNP,+,TCACACCTGGCTAATTTTTGTATTTTTTAGTAAAGATGGGG,KIRC
RPS6KB1,17,58022845,58022845,C,T,Nonsense_Mutation,SNP,+,TGGTGACACATGCCTGCAATTCCAGCTACTCAGGAGGCTGA,KIRC
NLRP2,19,55489137,55489137,C,T,Nonsense_Mutation,SNP,+,GGGCCAAGGTCACAGTGGAATTCGGATGGGCCGGGGACCCA,KIRC
VCAN,5,82835015,82835015,G,T,Nonsense_Mutation,SNP,+,GGCCCTGTTACCCACCATTTTGGCTGATTTTTTCCTTTTGG,KIRC
ADAM28,8,24167416,24167416,G,T,Nonsense_Mutation,SNP,+,TACTTAACTCACATAATGTCTACAAGTTTCCAGCAATTTAG,KIRC
KDM5C,X,53246339,53246339,T,A,Nonsense_Mutation,SNP,+,CAAAAGTGCAGTCAGAGCTCAAAGGAGGGAGAGCCCACCTC,KIRC
TDRD3,13,61102560,61102560,C,T,Nonsense_Mutation,SNP,+,TCTACCACTTAACATCTTAACATCATGATAGGTAACACTTT,KIRC
RPRD2,1,150445629,150445629,C,A,Nonsense_Mutation,SNP,+,CTAAAAGAGTTTGTTGATTAATTATTTTCTTCACAAATTGG,KIRC
ABCA4,1,94568687,94568687,G,A,Nonsense_Mutation,SNP,+,CCCCCGTGACTGTATCTCTCTGATCCACCTGACATTCACTC,KIRC
THRAP3,1,36755253,36755253,C,T,Nonsense_Mutation,SNP,+,GGATCTCTGACCCTCACTGGGCTGTCTCCTCTCTCTGGAAC,KIRC
MLLT10,10,21971160,21971160,C,G,Nonsense_Mutation,SNP,+,ATGCTACATGTAAGATTAGATAGTTATTATATATACTCATA,KIRC
KCNT2,1,196254849,196254849,G,A,Nonsense_Mutation,SNP,+,GAGAAATTCTTATTTTTTTGTCAAGGAAATTATAATTTGCC,KIRC
ZMYM4,1,35790967,35790967,C,T,Nonsense_Mutation,SNP,+,ATATTGTTGGGACAACTGGTTATCCGTTTGGAAAAAATTAT,KIRC
KIF1A,2,241686667,241686667,G,A,Nonsense_Mutation,SNP,+,GCGGGCCACCGCGCCGAACTGCTCCGGTTCCCGGGTGGGTG,KIRC
SETD2,3,47163209,47163209,T,A,Nonsense_Mutation,SNP,+,TTGTGCACCTTTGGCACTTGGGTTTTGTAATGGCGAGGTTT,KIRC
HIVEP1,6,12125187,12125187,C,A,Nonsense_Mutation,SNP,+,AGTACAAACCTGTCTCACTAAAATAGGCTTCTTCTGTTTAC,KIRC
NDUFS3,11,47602127,47602127,G,T,Nonsense_Mutation,SNP,+,TACAAAAATTAGCCGGGGGTGCAGTGGTGGGCACCTGAAAT,KIRC
FBL,19,40330954,40330954,A,T,Nonsense_Mutation,SNP,+,CAAATCCAGTAATGGAAACATGACCAGCCTGCCAGAATCCC,KIRC
PBRM1,3,52598158,52598158,G,T,Nonsense_Mutation,SNP,+,TTAAAAAACTAATAATGTAATATACCAAAAACCATTGAACT,KIRC
COQ6,14,74420179,74420179,G,T,Nonsense_Mutation,SNP,+,GTCTCAAACTCCTGACCTCAAGTCATCCACCCGCCTCGACC,KIRC
COL5A3,19,10090547,10090547,G,A,Nonsense_Mutation,SNP,+,AGCTGCTTGGGAGGTTGAGGTGGGAGGATCACCTGAGGCCA,KIRC
LRWD1,7,102106463,102106463,G,T,Nonsense_Mutation,SNP,+,CTGTTTTAGCTAGTCTTCAATTTGGTCCAGTGTCTAAGCCC,KIRC
DNTT,10,98064450,98064450,G,T,Nonsense_Mutation,SNP,+,TGGAGTAGCCAGGGGAGACTTCGTGGAAAACGGGATAGTGG,KIRC
SLITRK6,13,86368849,86368849,G,A,Nonsense_Mutation,SNP,+,AAAACATTTTTTTGTAAAATCGGGAACAAGGCAATGATTCC,KIRC
TMPRSS15,21,19716370,19716370,G,T,Nonsense_Mutation,SNP,+,AAATTATGTATTTCAAACATAATATATTCCTGGAATTTCTG,KIRC
CD83,6,14118278,14118278,C,A,Nonsense_Mutation,SNP,+,TGACAGGAAGGGGATTGAGGTCTGCGGAGAGCAAAACCTAA,KIRC
PCLO,7,82785211,82785211,G,T,Nonsense_Mutation,SNP,+,CCTGATGATCTGAGATGAAACAGTTTCATCCTGAAACCATC,KIRC
PRRC2A,6,31593611,31593611,C,T,Nonsense_Mutation,SNP,+,TTGAGATCAGGAGTTGGAGACCAGCCTGGCCAACATGGTAA,KIRC
ECT2,3,172480568,172480568,C,A,Nonsense_Mutation,SNP,+,CAACATGGATGGAACTGGAGGACATTTTTTTTAAGTGAAAT,KIRC
KIF18A,11,28116237,28116244,CATCCATG,-,Nonsense_Mutation,DEL,+,TTTCGTTTTCAATATTATATCAACCAACATTTTTTACATTG,KIRC
SPRYD4,12,56863103,56863103,G,A,Nonsense_Mutation,SNP,+,AAAACTATCATAGGAACTTCCTTTCTATGATCAAGCCAAAC,KIRC
ZBTB38,3,141163046,141163046,C,T,Nonsense_Mutation,SNP,+,ACACATGTCATACAGGTTTGCTGTACATATTATTTCATTAC,KIRC
ABHD15,17,27889659,27889659,C,A,Nonsense_Mutation,SNP,+,GGATGGTGGCAGATTGTGACTCTGGAATGACCTCATAAAAT,KIRC
CSMD1,8,2807769,2807769,C,T,Nonsense_Mutation,SNP,+,TTTGCTGAGTCAGGAGACTCCATCATAAAACATGGCGCTTG,KIRC
PRUNE2,9,79324116,79324116,G,C,Nonsense_Mutation,SNP,+,TCCTCTTAGAGAATAGCGTAATATATTTTTATTCTCAACTG,KIRC
CD300LF,17,72700848,72700848,T,A,Nonsense_Mutation,SNP,+,TTCTCATGGTAGTGGATAAGTCTCAGGAGATCTGATGGTTT,KIRC
PBRM1,3,52692298,52692298,G,A,Nonsense_Mutation,SNP,+,CCCAACACTTTGTGAGGCCTAGGCGGGTGGATGACTTAAGG,KIRC
TM2D2,8,38853913,38853913,G,A,Nonsense_Mutation,SNP,+,GAAGAAATACTTACGCTTAATTGCTATTCACTAAAATGGCC,KIRC
DNAJC10,2,183616491,183616491,G,A,Nonsense_Mutation,SNP,+,AAGGATTATAAATCATTCTTTTATAAAGACACATGCACATG,KIRC
VHL,3,10191563,10191563,G,T,Nonsense_Mutation,SNP,+,CAAACACTTGGCATATCCCCGCAAGTGAAGGATGACCGTAG,KIRC
CAPS2,12,75678844,75678844,C,T,Nonsense_Mutation,SNP,+,TAAAAAGCAAACAGAAAGCACAGATACAACAGCCTGTGCCA,KIRC
VWA3A,16,22132922,22132922,C,A,Nonsense_Mutation,SNP,+,CGCAGCCGCCACAGGCCTCAGCCATGTAGGCACTGAGTGTA,KIRC
SAMD10,20,62608484,62608484,G,C,Nonsense_Mutation,SNP,+,AAAGATAGTTCAGAGAGCGCCACACACCCACGCCCAGCCCC,KIRC
ATG7,3,11382142,11382142,G,T,Nonsense_Mutation,SNP,+,CAAGACACAAGCATGGCCTTGATCCTGGTGGGGAGGAGGAA,KIRC
PHF14,7,11022574,11022574,G,T,Nonsense_Mutation,SNP,+,CACTGCACTTTGCACTTATCTATTCTTAAATATTTGCATAA,KIRC
SIPA1,11,65412570,65412570,G,T,Nonsense_Mutation,SNP,+,CACCTCGGAGGGTCCCAGGGCTGGGAAAGCCCTCCTCTCAG,KIRC
GPX4,19,1105507,1105507,C,T,Nonsense_Mutation,SNP,+,GGGACGCAGCAGCCCACCTGCTTCCCGAACTGGTTACACGG,KIRC
BAP1,3,52437795,52437795,G,A,Nonsense_Mutation,SNP,+,GGTCTTTGGACACAGTGGCTGGCTTGGGGATCCACGCATGC,KIRC
KANSL2,12,49073492,49073492,C,A,Nonsense_Mutation,SNP,+,TCCTGCCTCCGTCTCCTGAGTAGCTGGGACTACAGGCATGC,KIRC
PPP1R12A,12,80182470,80182471,-,T,Nonsense_Mutation,INS,+,ATAGTAAGCCAGGAGCTCCTTGGTTTAGTATAATCATGCAC,KIRC
KRT39,17,39122754,39122754,G,A,Nonsense_Mutation,SNP,+,ATTTCAAGGAAACATCATTCCATTTGGTGGACTTGCCAAGC,KIRC
XIRP2,2,168105254,168105254,C,A,Nonsense_Mutation,SNP,+,AGAAGCTGTGAAGTTCATCAGACTGAGTATGGTGGACTGAG,KIRC
CNTLN,9,17416024,17416024,T,A,Nonsense_Mutation,SNP,+,GATATAATCCGTTCTCGTAATAAAATAATATTGCTACTTGA,KIRC
PHACTR4,1,28785764,28785764,C,A,Nonsense_Mutation,SNP,+,TCCCATATAGCGTTGGTGTCTCTGTGGGGCTGCAGTCTCCC,KIRC
PCDH1,5,141248528,141248528,G,T,Nonsense_Mutation,SNP,+,ACATGAGACAGAATACATTACGCAGATATATTTTTATGAGA,KIRC
DDX24,14,94528593,94528593,G,A,Nonsense_Mutation,SNP,+,AATCACTAGCATTTTTCTTTTTAAAATATTTTTAATTTTTA,KIRC
ZNF808,19,53057358,53057358,A,T,Nonsense_Mutation,SNP,+,ATCACTTTACACTTTTCTCTTCTAGTATGTCTTGAGCTCTG,KIRC
COA6,1,234509989,234509989,G,T,Nonsense_Mutation,SNP,+,TCAGCCTGAACGGGGGCTGGGGATCTAGAAGGGGTGGTAAT,KIRC
PIK3CG,7,106522568,106522568,C,T,Nonsense_Mutation,SNP,+,GGAACAAGATATTTCATTGTACAGATAAAGCATCATTTGTA,KIRC
SPSB2,12,6981774,6981774,C,A,Nonsense_Mutation,SNP,+,GCCTGCCTTCCTTACATGTAGGTCCCTCCCCCATCTCACTA,KIRC
KRT23,17,39086293,39086293,G,A,Nonsense_Mutation,SNP,+,CACTTTAGGGGTCACAGGGCTGGGACACTTTAGAGGTCACA,KIRC
ABCA5,17,67280186,67280186,G,C,Nonsense_Mutation,SNP,+,TTTATGGAGTGGAATGGATAGGACTGTTGAGAAGTCCTCAT,KIRC
PBRM1,3,52661325,52661325,G,C,Nonsense_Mutation,SNP,+,AAATAAAGACACATGCTTCATGGCCAGGCGAGGTGGCTCAC,KIRC
RNF113B,13,98828683,98828683,T,A,Nonsense_Mutation,SNP,+,AAGAAAACAATTGGCTGTAAGGCAGTCTGTGCGCCTAGGAG,KIRC
CDC42BPB,14,103416197,103416197,A,C,Nonsense_Mutation,SNP,+,AGCTAATACATTATATTATATGTGTGAGTACTGCAAAATAT,KIRC
TET2,4,106157074,106157074,C,T,Nonsense_Mutation,SNP,+,TTGAAGGGAAGGACTCAGTCCTGGCAGGACCCATCAACTAC,KIRC
SNX25,4,186267757,186267757,C,T,Nonsense_Mutation,SNP,+,TAAGCTATTTTTCTAAAGGAATGCTTCAGCTTTCATTTTAA,KIRC
ANKS1B,12,99793497,99793497,G,T,Nonsense_Mutation,SNP,+,AGATTTGTTTCTAGGTTTTCTATTTTGTTCCATTGGTCTAT,KIRC
MAP3K9,14,71199484,71199484,C,A,Nonsense_Mutation,SNP,+,CATTCTGTGATGCCAGAGCCCAGGTTGTCAGTTTGCTTTCC,KIRC
MID1,X,10535176,10535176,C,A,Nonsense_Mutation,SNP,+,AGTTATTTATACTCTCCGGTTGGGAAGGGAGGATAGATCCA,KIRC
EBP,X,48382199,48382199,C,T,Nonsense_Mutation,SNP,+,GGGGACCACAGGCATGCACCACCCTGCCCACGGTATTTTTT,KIRC
NOS2,17,26084361,26084361,C,A,Nonsense_Mutation,SNP,+,CAAAACTGCGCTCTCAAAAGGAGTGTTCAATTCCGTGAGTT,KIRC
NCAN,19,19337783,19337783,G,T,Nonsense_Mutation,SNP,+,GGAGGAACTGTGTGGATCCCAGGATGAGGGTGTGCCCCAGC,KIRC
NCAM2,21,22906952,22906952,G,T,Nonsense_Mutation,SNP,+,TTAGAGAATCAGGAAATACTTAATCGAGACTTTGGACTGAA,KIRC
PRKDC,8,48811121,48811121,G,A,Nonsense_Mutation,SNP,+,CACTGACAAACACCAGAGTAACTCTTGAGAAATACCAACTA,KIRC
NOX5,15,69320586,69320587,-,CTATCTATGACTCCTATTCTATCTA,Nonsense_Mutation,INS,+,AATATTTGGGTTTCCTGTTTTACATTTTTTAAATACCTTTT,KIRC
CD34,1,208084352,208084352,A,T,Nonsense_Mutation,SNP,+,AACGCAGGCTGGGCCCTGCCTGGAGCAGGGCTTCCTCTCAC,KIRC
UNC80,2,210834493,210834493,C,T,Nonsense_Mutation,SNP,+,AAATTACATGTGAATAATCATAGCCAAAATGGAGTGTTAAG,KIRC
VHL,3,10191524,10191524,G,T,Nonsense_Mutation,SNP,+,AGTGGCTGAGGGGAATGACTGAGGGGGAAAGTGGTAGAGGT,KIRC
PBRM1,3,52643741,52643741,G,A,Nonsense_Mutation,SNP,+,CTGACCTTGTGATCCACCCGCCTCGGCCTCCCAAAGTGCTG,KIRC
MSANTD4,11,105880728,105880728,G,T,Nonsense_Mutation,SNP,+,TAGGCTAATAGGAATGACTCAGTGTCTTTATTTAGTAAATT,KIRC
CYB5R2,11,7690532,7690532,C,A,Nonsense_Mutation,SNP,+,TTCACAAAGAACGAGTGACTGTATGTCTGAATCCTGATGGC,KIRC
SLC7A5,16,87873322,87873322,C,A,Nonsense_Mutation,SNP,+,AAACACAAAAGACCTGGGATCAGTAGAAAGCAATGTTTGGA,KIRC
TEX14,17,56676536,56676536,C,A,Nonsense_Mutation,SNP,+,GTGGTTAGTGAGGGCAGCATATTGTGGAGGTTCTGGTAACC,KIRC
GLMN,1,92733559,92733559,C,A,Nonsense_Mutation,SNP,+,AAAAAAATTAGCTGGGTGTGGTGGCGCGTGCCTGTAGTTCC,KIRC
NAA35,9,88590058,88590058,C,T,Nonsense_Mutation,SNP,+,CCAAGTGTCAATGTACAGTGGGGCACAGGCAAGGCAGTGGG,KIRC
ZXDB,X,57619681,57619681,C,A,Nonsense_Mutation,SNP,+,GGCCCTGGTGTGTGTTGTTCCCTTCTCTGTGTTTATGTGTT,KIRC
CYB5R2,11,7690532,7690532,C,A,Nonsense_Mutation,SNP,+,TTCACAAAGAACGAGTGACTGTATGTCTGAATCCTGATGGC,KIRC
SLC7A5,16,87873322,87873322,C,A,Nonsense_Mutation,SNP,+,AAACACAAAAGACCTGGGATCAGTAGAAAGCAATGTTTGGA,KIRC
TEX14,17,56676536,56676536,C,A,Nonsense_Mutation,SNP,+,GTGGTTAGTGAGGGCAGCATATTGTGGAGGTTCTGGTAACC,KIRC
GLMN,1,92733559,92733559,C,A,Nonsense_Mutation,SNP,+,AAAAAAATTAGCTGGGTGTGGTGGCGCGTGCCTGTAGTTCC,KIRC
NAA35,9,88590058,88590058,C,T,Nonsense_Mutation,SNP,+,CCAAGTGTCAATGTACAGTGGGGCACAGGCAAGGCAGTGGG,KIRC
ZXDB,X,57619681,57619681,C,A,Nonsense_Mutation,SNP,+,GGCCCTGGTGTGTGTTGTTCCCTTCTCTGTGTTTATGTGTT,KIRC
PALB2,16,23646214,23646214,A,C,Nonsense_Mutation,SNP,+,GAAGATGTACAGATGACCAACAAGCAACATTCAAAGATGTT,KIRC
PRPF8,17,1584261,1584261,G,C,Nonsense_Mutation,SNP,+,CCGTTCTTGGATCATCCAGGGTGTCTGCGTGGGTGTGAGAC,KIRC
SMCHD1,18,2732468,2732468,C,A,Nonsense_Mutation,SNP,+,ATTTTTTCTGCTAAAGCTGATGTTATATTGATTTCTCTTTC,KIRC
EEA1,12,93213220,93213220,A,T,Nonsense_Mutation,SNP,+,TGTAAATGGCCTAAATGCTCCACTTAAAAGGTACAGAACCA,KIRC
TYMP,22,50968009,50968009,G,A,Nonsense_Mutation,SNP,+,,KIRC
VHL,3,10191497,10191497,C,T,Nonsense_Mutation,SNP,+,AAAGTGGTAGAGGTGAGGTTGAAGAGCCGGGCAAAGGTAGA,KIRC
PBRM1,3,52637711,52637711,G,A,Nonsense_Mutation,SNP,+,GATCTCGAACTCCTGGCCTCAAATGATCCGCCCGCCTCAGC,KIRC
WRAP73,1,3564107,3564107,G,C,Nonsense_Mutation,SNP,+,CTGTAAGCAGGGCTGCCTCCTCTGCTGTTGTCAGGAGGTAG,KIRC
CSNK2B,6,31635711,31635711,C,T,Nonsense_Mutation,SNP,+,AGCACTGCCATAGAAAACCTCAGGATACAGGCGCTGGCCTG,KIRC
FBXL13,7,102665659,102665659,G,A,Nonsense_Mutation,SNP,+,CTGCCTTGGCCAAAAGAGGTATGGGAGGGGCTGGGCGCAGT,KIRC
LRRD1,7,91793732,91793732,A,T,Nonsense_Mutation,SNP,+,GAATACCCTTTATTTCTTTCTCCTGTCTAATTGCCCTGGCT,KIRC
CLUAP1,16,3565541,3565541,G,T,Nonsense_Mutation,SNP,+,TGCCTTTTCCAGAATGTTAGTCAGAATCACACAGTGTAGCG,KIRC
