LILRB3,19,54724980,54724980,G,A,Silent,SNP,+,ATCTCCACCTCCAGGCCCGTGTCTCCATTCCAGGCCCATAT,LAML
NKTR,3,42680994,42680994,T,A,Silent,SNP,+,TGACTCGAGCATTCCTGAAGTTTCTGTAATCTGTCTGATAC,LAML
KCNT1,9,138662805,138662805,C,T,Silent,SNP,+,,LAML
FTSJ3,17,61897195,61897195,A,T,Silent,SNP,+,CTATTAATATTCTGATGTCTGTTCTTTCTTTAAAGTGACGT,LAML
DIEXF,1,210001459,210001459,T,A,Silent,SNP,+,TATAAATGTAAAATATAAATACTAAAACCCAAATCCAGAAA,LAML
KDR,4,55964954,55964954,C,T,Silent,SNP,+,TAAAGTTCCTGTGTCATACTGCATGGAACTCTCCTGCTCTT,LAML
ALPK3,15,85401206,85401206,G,A,Silent,SNP,+,TACATGTTCCAAGACTTTATTATAGAACCATCATAAATTAA,LAML
EGLN2,19,41306984,41306984,G,A,Silent,SNP,+,ACAGTAAAACAGCTCCTGGGAGAATTTACAACCAACTGCAT,LAML
PCDHGA6,5,140755771,140755771,C,T,Silent,SNP,+,ACATTTACAGAACATTCCATCCAACAGCTGCAGAATACACA,LAML
HIST3H3,1,228612763,228612763,C,T,Silent,SNP,+,GCTCGGGAGCGCGGGAGCCGGGGGAAGGCCGCGGGCCAGCG,LAML
AIFM2,10,71883242,71883242,C,A,Silent,SNP,+,TCTGAATCTTCTTCCTGCAAACAGACTCAGTTTTCCCTGCT,LAML
DOT1L,19,2216684,2216684,G,C,Silent,SNP,+,GCCTCAGCACAATCTTGGCCGGGGACAGCCTAGTGTAGTCG,LAML
LILRB1,19,55148308,55148308,C,T,Silent,SNP,+,GTGAAAGGGGAGACAGGTGGGGAGGAAACCAGCCAGTGGGG,LAML
MUC16,19,9060044,9060044,G,A,Silent,SNP,+,ACAGGCATTTGAGCCACCATGCCCAGCCCTCATTTTTGTAT,LAML
OLFML2B,1,161953960,161953960,G,A,Silent,SNP,+,CTTCTTATAAACCTTCCATGGGAACTCCAATATTGATCTTT,LAML
OLFML2B,1,161953963,161953963,G,A,Silent,SNP,+,CTTCTTCTTATAAACCTTCCATGGGAACTCCAATATTGATC,LAML
CRYAA,21,44590698,44590698,G,T,Silent,SNP,+,GGGGTAGCCCACCCGGGGCCTAGCTCCAGCCAGCAGCCTCA,LAML
TTN,2,179406028,179406028,G,A,Silent,SNP,+,TTGCCTAGTTTGCCATCATTCATCTATATAGTACTTGGACA,LAML
TF,3,133494371,133494371,G,A,Silent,SNP,+,TCTAAAGGACATTATTGAGACATCTGGCAACATCTGAATAG,LAML
NME9,3,138037001,138037001,G,A,Silent,SNP,+,GTGGTTGGGAGGAGATGAGGTCTGTGTGTTCTTGTGGAGCA,LAML
GSTCD,4,106638785,106638785,G,A,Silent,SNP,+,TGGCACAAGACAGGGATGCCCTCTCTCACCACTCCTATTCA,LAML
EPHA7,6,93967201,93967201,T,C,Silent,SNP,+,CACCCAGTCTGTTGAGGGTCCCAGTTGAACAAAAGGCAGAG,LAML
C9orf91,9,117396074,117396074,G,A,Silent,SNP,+,TCCTCAGCAATTGCCATTGATGTCCTCATGCTTTGGGGTGG,LAML
TCEAL1,X,102884907,102884907,G,A,Silent,SNP,+,GCCAAATTCTTGTACCTGACATTTTGATATTTTTAGGTAGC,LAML
TTC40,10,134671121,134671121,G,A,Silent,SNP,+,,LAML
STK39,2,168997252,168997252,C,T,Silent,SNP,+,CACATTTTTCAGTGTCACTCTGAGATAGAGAAGTTGAAAAG,LAML
STC2,5,172745042,172745042,G,A,Silent,SNP,+,AAGAAGTTATTAGTAGACACAATGAGGATCAAAGTTGAAAG,LAML
NLRP8,19,56485114,56485114,C,T,Silent,SNP,+,GAGTCTTTCTTCACATATACTGAAAATAAGGAATGTTTATC,LAML
GPR78,4,8588898,8588898,G,A,Silent,SNP,+,CTCTAGCCTAGGCAACAGAGTCAGACCCTGTCTCAAAAAGT,LAML
DIP2C,10,518415,518415,G,T,Silent,SNP,+,GGGGAAAGCCTGTGTGGACACTGAGCAAGGTCAGAGCTGCA,LAML
CACNA1C,12,2675630,2675630,C,T,Silent,SNP,+,ATACAACTGCTGTGTAAATTGAGGAAAACTATACTTTGGAT,LAML
TUBB6,18,12311004,12311004,C,A,Silent,SNP,+,TGCCCAAAAGGCCCAGACCGCACGCTGTCCATGGTGCCTGG,LAML
HRC,19,49658138,49658138,T,C,Silent,SNP,+,TCCACCCAGGACTGTTGGGCGCAGCTTGGAACTGCGGTAGG,LAML
CDH22,20,44869846,44869846,T,A,Silent,SNP,+,TTGTGGTTTTTGTGGAGACAGGGTTTTACCATGTTGCTCAG,LAML
SLC36A3,5,150667995,150667995,C,A,Silent,SNP,+,GATGAAAACAAACTAGAAAACTGAAGAAGGTTGAATACAGA,LAML
NCAM1,11,113103025,113103025,C,A,Silent,SNP,+,TAACCAGAGAATGCAATGCTCTGCACCTTCTACCTAATCAC,LAML
MYBPHL,1,109839466,109839466,G,A,Silent,SNP,+,ATCAGATGAGCCAGTTTATTGATCTTAGTGGTGCCAGCTGA,LAML
GPR153,1,6314723,6314723,A,G,Silent,SNP,+,GGGCATGTGAAGAGGGCAAACTGGGCTTTTGGTTTCTGTCT,LAML
MPDZ,9,13224490,13224490,C,T,Silent,SNP,+,CTACTCTGCAAAATGAATCGTTTTTATTATCCCCAAACAAT,LAML
MAP7D2,X,20033425,20033425,C,T,Silent,SNP,+,TAACCTAGAGAAAAGAAATCCAGTGTGGCCAAGTGGATTTG,LAML
MRPS5,2,95775710,95775710,A,T,Silent,SNP,+,TAAATGCCAATGAAGCAGGTGTGTGTGGTATAGAGCAAGCA,LAML
ZNF275,X,152611033,152611033,A,G,Silent,SNP,+,CAAGACACATAATTGTCAGATTCACCAAGGTTGAAATGAAG,LAML
ZNF205,16,3169813,3169813,C,A,Silent,SNP,+,CTTGGCTGCATGCACCTGCAATCCCAGATATTTGGTAAGCT,LAML
KAZN,1,15392230,15392230,C,A,Silent,SNP,+,TGGAGGAAACCTTTTTGCACCAAGGAGGTCCAAGCCATCAA,LAML
HEATR1,1,236766513,236766513,C,T,Silent,SNP,+,GTCACAAATTGTTCTTTGTTCAACTCAACTCTGTTAAATTT,LAML
TRAF3IP1,2,239237845,239237845,G,A,Silent,SNP,+,TTGGTTGGAGAGGTCCCCGTGGTTTTTTGTTGTTGTCTTCA,LAML
RPS10,6,34392507,34392507,C,T,Silent,SNP,+,TGAGGCGGCCGCGGCGGGCCAGCGGCGGAGCCGTGTAGCGG,LAML
ACO2,22,41903897,41903897,G,A,Silent,SNP,+,CTGTCTGTTGTGTCTGTCTTGGCTTGCTGCACACAGTGGCC,LAML
RXFP2,13,32339253,32339253,G,A,Silent,SNP,+,GTACTTTAACTTTCAAAAAGATACTTTTTGATGTTTTGAGA,LAML
PLIN4,19,4512082,4512082,G,A,Silent,SNP,+,ATGGACACCACCAAAACTGTCCTAACCGGTACCAAGGACAC,LAML
SGOL1,3,20216183,20216183,A,T,Silent,SNP,+,GCAGATATCTCTTTGACATACTGATTTCATCTCGTTTGGAT,LAML
ERICH1,8,623839,623839,A,T,Silent,SNP,+,TATCTAAGAGACCATGGTCTGATCCAAGGTCATGAAGACTT,LAML
OR4C6,11,55433284,55433284,G,A,Silent,SNP,+,TGAAATGGTGGTTGTTTTAACTCACAAAACTGTGGAGCCCT,LAML
DAGLA,11,61503096,61503096,C,A,Silent,SNP,+,GAGCCCATCAGTGATAGCCAAACTCACCAGGCTGGCTCAGC,LAML
MOK,14,102700054,102700054,G,A,Silent,SNP,+,ATGTTTTAAAAAATTCTTAAGAGATAGATTACGTGACCCAG,LAML
PRKD1,14,30093424,30093424,G,A,Silent,SNP,+,GGAGTCTTATATCATCTGCAAACAAGGATAATTTTACTTCT,LAML
PRELP,1,203452870,203452870,C,A,Silent,SNP,+,TGTATTAGTTAGGATATAAGTTCATGTGCTGTGACAGAAAC,LAML
KCNU1,8,36780102,36780102,G,A,Silent,SNP,+,GTTTAACAATTACCTTATACCAAGGACTGGGAGCACCAGGG,LAML
PTPRF,1,44069637,44069637,G,A,Silent,SNP,+,TGGAGGTGGGGCCTAGTGGGAGGTGTTTAGGTCCCGGAGGC,LAML
PRPF39,14,45564650,45564650,C,T,Silent,SNP,+,AAGTCTTAAGCCTTTTGTGGTGTTAAAGCGGGCTAACTATC,LAML
FAM120C,X,54209269,54209269,G,A,Silent,SNP,+,CAACACGCCTGGCTAATTATGGTATTGCAATGTAATGGTAT,LAML
MED24,17,38182924,38182924,C,T,Silent,SNP,+,GACCCACGTCCGGGCCCAATCACCCACTGCGGAGACGGGTC,LAML
NINL,20,25459567,25459567,C,T,Silent,SNP,+,GTCCCGCAGGCCTGGGCGGCGGCAGCCAGAGTGACCGTCTT,LAML
KRTAP10-7,21,46020572,46020572,C,T,Silent,SNP,+,TCTTAGGACCAGGGTCTGTATGCTGTAGGCAGTCCTGCCCT,LAML
ZFP36L2,2,43452508,43452508,G,T,Silent,SNP,+,CAGTAGTTAGATTACTTGTAAAATAGAAACCTTGGAATGTC,LAML
NOS3,7,150706338,150706338,G,T,Silent,SNP,+,CCCTAGTGAGATGAACCCGGTACCTCAGATGGAAATGCAGA,LAML
SGCD,5,156074542,156074542,C,T,Silent,SNP,+,GACTACAGGCATGCCACCACGCCCGGCTAATTTTTATATTT,LAML
ALOX5,10,45938939,45938939,C,T,Silent,SNP,+,GAGGTTAGAAGTTATAGATACTCAAAAGTGAAAATTCATTC,LAML
GOLGA4,3,37336532,37336532,G,A,Silent,SNP,+,CCGACCTCAGGTGATCTGCCCACCTCGGCCTCCCAAAGTGC,LAML
USP42,7,6189801,6189801,C,T,Silent,SNP,+,CTCGTGATCCGCTCACCTCAGCCTCCCAAAGTGCTGGGATC,LAML
TMEM180,10,104231087,104231087,C,T,Silent,SNP,+,GTCAGAGAGTTTCCTTTGCTGAAAAAGTTATCTGAAGAAGG,LAML
SF1,11,64536775,64536775,T,C,Silent,SNP,+,TTTGGATAAAAATAGAGACAGTTGATGAGTCACACTCATCA,LAML
HAS3,16,69148377,69148377,C,T,Silent,SNP,+,AGGCCGGGCGCAGTGGCTCACATCTGTAATTCCAACACTTT,LAML
COL5A3,19,10088363,10088363,C,T,Silent,SNP,+,ACCATGTTAGCCAGGATGGTCTCGATCTCCTGACCTCATGA,LAML
TYK2,19,10469935,10469935,C,A,Silent,SNP,+,GGAGGCTGAGCCAGGAGAATCGCTTGAACCCGGGAGGCGGA,LAML
ERF,19,42752776,42752776,C,A,Silent,SNP,+,TTAAATGCACATTCTGTGGATGGCTCTCGCCATTTCCTAAG,LAML
ACTL9,19,8808551,8808551,G,A,Silent,SNP,+,GTATTTCCAAGTACAGTACGTATGTTCAGATTTCTTTTTCT,LAML
INSRR,1,156814923,156814923,C,T,Silent,SNP,+,CTTCTACCAGTCTGGAGTAGATGGAGGCGCCCACTCCAGGC,LAML
WDR64,1,241912982,241912982,G,C,Silent,SNP,+,CCCAGGTTCAGCGATTTTCCTGTCTCAGCCTCCCGAGTAGC,LAML
KDELR3,22,38864295,38864295,G,T,Silent,SNP,+,AGAAGTTGTGTTTTCAGAGGTGATTTTATGACAGGAAAGTG,LAML
CAMK4,5,110710562,110710562,C,T,Silent,SNP,+,CATCTTTGCATCCCTGGGATAAATTTCTCTTCGTCATGATG,LAML
ISPD,7,16317769,16317769,C,A,Silent,SNP,+,CTCACATATAATTTAGCAATTTCACTTCTGGATGTGTCCCA,LAML
NXF2B,X,101624925,101624925,G,A,Silent,SNP,+,TAGAGTAGTCACTCAGGCTGGGGGAGGAAGGCTGTGGGACT,LAML
CASC4,15,44695122,44695122,G,A,Silent,SNP,+,ATCTTCGGCTCACTGCAACCTCCACCTCCCGGGTTCAAGTG,LAML
HDGF,1,156713596,156713596,C,T,Silent,SNP,+,CTCAGCCTCCTGAGTAGCTGGGGTTACAGGCACACATCATC,LAML
SORBS2,4,186544675,186544675,G,A,Silent,SNP,+,ATCATTGCACAGATTTGGAGATTATCAAATGAGGAAAAAGA,LAML
CCZ1,7,5942327,5942327,C,T,Silent,SNP,+,AGCTGTAGTAAGCTGTGATCGTGCCACTGCATTCCAGGCTG,LAML
GET4,7,926235,926235,G,A,Silent,SNP,+,CCCAGGTGCTCCTGGCGGTCTGGGAGGGGAACGGGAGGGGC,LAML
CAMSAP1,9,138714500,138714500,T,C,Silent,SNP,+,,LAML
KNDC1,10,134997477,134997477,C,A,Silent,SNP,+,,LAML
TLE3,15,70344840,70344840,G,C,Silent,SNP,+,CTGGGGTCACAGGTCCAGCCCAAGGCCACTTGAGGTTCAGG,LAML
LAMB2,3,49161346,49161346,C,T,Silent,SNP,+,CCAGCTTGGGGCTCACGCCTGTAATCCCAGCACTTTGGGAG,LAML
SCIN,7,12644246,12644246,A,C,Silent,SNP,+,TGCTACATACTCTGCTCCTTTCTCCTCCTCCTGGCTAGCAC,LAML
NEURL4,17,7228737,7228737,C,T,Silent,SNP,+,ATAGAAAAATTAAGTGGGCATGGTGGCACATGCCTGTAGTC,LAML
DENND2D,1,111741335,111741335,C,T,Silent,SNP,+,AGTTGCCTGGGCTTGGCCAGCGGTCACCGACCAAGTTCAGC,LAML
MST1,3,49724406,49724406,C,T,Silent,SNP,+,GCGTTTGCTTTGGACCTTGCGTGCGGGGGAGGGGGTGCTCG,LAML
DHTKD1,10,12154955,12154955,T,G,Silent,SNP,+,CCTGCACTCAAATAACCTAATCAAGACAGGAAGAAAATATG,LAML
FLT1,13,29001448,29001448,G,C,Silent,SNP,+,AGTCACCCCTGACTCCTCCTTTCTCTCGCATTCCACGTGCA,LAML
PRAMEF11,1,12884983,12884983,C,T,Silent,SNP,+,CCCTCAACAAAGATACTTTCAAGTTTTCTTTCTTTCTGTCT,LAML
CDC42EP1,22,37964794,37964794,G,T,Silent,SNP,+,AATCACCTGAGGTCACGAGTTCAAGACCAGCCCGACCAACA,LAML
PRICKLE2,3,64085285,64085285,G,A,Silent,SNP,+,CATAAGATGAAGTTTTCCTGACCTAAGAAAGAAATCAAAGA,LAML
CAMK2B,7,44260222,44260222,G,A,Silent,SNP,+,GAAACTGGGACAGCGCCGGAGCATGCAAGGAAGGGGGGCTG,LAML
CD40LG,X,135741496,135741496,G,A,Silent,SNP,+,AGCTCCTGAGCACAGACAGAGTGCCCAAGGCAGAGTCCCCA,LAML
SH3PXD2A,10,105362800,105362800,G,A,Silent,SNP,+,AGAACAAAGAATACATAAATAAACACAAATACACACACATA,LAML
TNFAIP6,2,152220530,152220530,G,T,Silent,SNP,+,AGGTCTTTATGAAACATAAATGAATTTTATGTTTAGACTTG,LAML
HNRNPUL2,11,62494212,62494212,G,A,Silent,SNP,+,AAATAATTTATATCTGATTATTATTAGAATTTTAAAAATTT,LAML
NCKAP5L,12,50186244,50186244,C,T,Silent,SNP,+,CTGAAAAAATATACTGTGAAGATAAAAAATGTCTAACATTG,LAML
AKAP6,14,33004834,33004834,G,T,Silent,SNP,+,TAAAAGAGTTTTAAAACTAAAAAAAAAAAAAAAAAAAGGAA,LAML
ADNP2,18,77893908,77893908,T,A,Silent,SNP,+,CCCATTTTACAATTCTTCTGTAGCTTTGGAAAGCTAAGGGG,LAML
GALE,1,24123250,24123250,G,A,Silent,SNP,+,GTCCAGGGGAGGGCCTGGGCTCCGAGGTCCCCAGTTGTCCC,LAML
LOXL3,2,74762817,74762817,C,A,Silent,SNP,+,CAAGTACATAATGTTTATTTGTAAAGTATAATTTTTTCCAA,LAML
SCN5A,3,38622584,38622584,G,A,Silent,SNP,+,CCTGTTTATTGTCTGGTAGCACTGGCCTGGCAGTGATGACC,LAML
USP38,4,144136084,144136084,A,G,Silent,SNP,+,TCAAAATGATGCACACCCATCACCATTATGTAGCTCCAGAA,LAML
TRIM2,4,154216839,154216839,C,T,Silent,SNP,+,CTCCAATCTGAGGTGGTGATACTCATTTTTATGACCTTACA,LAML
RGS3,9,116285215,116285215,A,G,Silent,SNP,+,ACAGTGCCACTGCACTCTGGCCTGGCAACAAAGTGAGAATC,LAML
SLC24A2,9,19786580,19786580,C,A,Silent,SNP,+,TTTAAATGACAAGATTCTGGATTATACTCCACAGCCACCTC,LAML
BTAF1,10,93757421,93757421,A,T,Silent,SNP,+,ATGATTGATTTTCCTATCCCCCTGGGTCCCCCACGTAATTC,LAML
ZNF791,19,12739219,12739219,A,G,Silent,SNP,+,GCCTAGATCGGGTTACTGCACTCCAGCCTGGGAGACAGAGG,LAML
RWDD4,4,184577106,184577106,T,C,Silent,SNP,+,TAATTAGAATCTAATTTGAAATGTCAATAAAAAGTTTAAAT,LAML
GRM6,5,178418911,178418911,G,T,Silent,SNP,+,TGTGGGGCAGGCTGGGGGTGGTGACAGTAAACCTGTAATTG,LAML
APOOL,X,84301547,84301547,A,G,Silent,SNP,+,TTTGTCTCTACTAACTGCATATTTTCAAATAGCCTGTCTTC,LAML
GLB1L2,11,134244600,134244600,C,T,Silent,SNP,+,GGCAGCTGTCAAAGTCCAGTTAAGCCACCACTTCACCCAGC,LAML
SCUBE2,11,9100947,9100947,G,A,Silent,SNP,+,ACCCAAGTGTCTGTGGACAGATGAATGGATGAACAAAATGT,LAML
CEBPE,14,23586708,23586708,C,A,Silent,SNP,+,CTTTCTTCACAAAATTGGAAAAAACTACTTTAAACTTCATA,LAML
MYOM3,1,24432514,24432514,G,A,Silent,SNP,+,GGTAGGTATTGAATAAATAGTAGCTATTATTAGGAGTTGGG,LAML
ZFPM2,8,106813327,106813327,C,T,Silent,SNP,+,ATGTCACAACTACAACCAGCCACATACTTTCATTCCATGAA,LAML
